﻿<?xml version="1.0" encoding="utf-8" standalone="no"?>
<manifest identifier="_5cb58l6soZ0" version="1.3" xmlns="http://www.imsglobal.org/xsd/imscp_v1p1" xmlns:adlcp="http://www.adlnet.org/xsd/adlcp_v1p3" xmlns:adlseq="http://www.adlnet.org/xsd/adlseq_v1p3" xmlns:adlnav="http://www.adlnet.org/xsd/adlnav_v1p3" xmlns:imsss="http://www.imsglobal.org/xsd/imsss" xmlns:xsi="http://www.w3.org/2001/XMLSchema-instance" xmlns:lom="http://ltsc.ieee.org/xsd/LOM" xsi:schemaLocation="http://www.imsglobal.org/xsd/imscp_v1p1 imscp_v1p1.xsd
                              http://www.adlnet.org/xsd/adlcp_v1p3 adlcp_v1p3.xsd
                              http://www.adlnet.org/xsd/adlseq_v1p3 adlseq_v1p3.xsd
                              http://www.adlnet.org/xsd/adlnav_v1p3 adlnav_v1p3.xsd
							  http://www.imsglobal.org/xsd/imsss imsss_v1p0.xsd
							  http://ltsc.ieee.org/xsd/LOM lom.xsd">
  <metadata>
    <schema>ADL SCORM</schema>
    <schemaversion>2004 4th Edition</schemaversion>
    <adlcp:location>metadata.xml</adlcp:location>
  </metadata>
  <organizations default="The_Power_of_Organization_ORG">
    <organization identifier="The_Power_of_Organization_ORG" adlseq:objectivesGlobalToSystem="false">
      <title>The Power of Organization</title>
      <item identifier="The_Power_of_Organization_SCO" identifierref="__5cb58l6soZ0_RES" isvisible="true">
        <title>The Power of Organization</title>
        <imsss:sequencing>
          <imsss:deliveryControls tracked="true" completionSetByContent="true" objectiveSetByContent="true" />
        </imsss:sequencing>
      </item>
      <metadata>
        <adlcp:location>metadata.xml</adlcp:location>
      </metadata>
      <imsss:sequencing>
        <imsss:controlMode choice="true" flow="true" />
      </imsss:sequencing>
    </organization>
  </organizations>
  <resources>
    <resource identifier="__5cb58l6soZ0_RES" type="webcontent" adlcp:scormType="sco" href="index_lms.html">
      <file href="story_content/thumbnail.jpg" />
      <file href="story_content/video_677PypYripJ_64_460x604.hls/main.m3u8" />
      <file href="story_content/video_677PypYripJ_64_460x604.hls/stream_0.m3u8" />
      <file href="story_content/video_677PypYripJ_64_460x604.hls/stream_0data000000.ts" />
      <file href="story_content/video_677PypYripJ_64_460x604.hls/stream_0data000001.ts" />
      <file href="story_content/video_677PypYripJ_64_460x604.hls/stream_0data000002.ts" />
      <file href="story_content/video_677PypYripJ_64_460x604.hls/stream_0data000003.ts" />
      <file href="story_content/video_677PypYripJ_64_460x604.hls/stream_0data000004.ts" />
      <file href="story_content/video_677PypYripJ_64_460x604.hls/stream_0data000005.ts" />
      <file href="story_content/video_677PypYripJ_64_460x604.hls/stream_0data000006.ts" />
      <file href="story_content/video_677PypYripJ_64_460x604.hls/stream_0data000007.ts" />
      <file href="story_content/video_677PypYripJ_64_460x604.hls/stream_1.m3u8" />
      <file href="story_content/video_677PypYripJ_64_460x604.hls/stream_1data000000.ts" />
      <file href="story_content/video_677PypYripJ_64_460x604.hls/stream_1data000001.ts" />
      <file href="story_content/video_677PypYripJ_64_460x604.hls/stream_1data000002.ts" />
      <file href="story_content/video_677PypYripJ_64_460x604.hls/stream_1data000003.ts" />
      <file href="story_content/video_677PypYripJ_64_460x604.hls/stream_1data000004.ts" />
      <file href="story_content/video_677PypYripJ_64_460x604.hls/stream_1data000005.ts" />
      <file href="story_content/video_677PypYripJ_64_460x604.hls/stream_1data000006.ts" />
      <file href="story_content/video_677PypYripJ_64_460x604.hls/stream_2.m3u8" />
      <file href="story_content/video_677PypYripJ_64_460x604.hls/stream_2data000000.ts" />
      <file href="story_content/video_677PypYripJ_64_460x604.hls/stream_2data000001.ts" />
      <file href="story_content/video_677PypYripJ_64_460x604.hls/stream_2data000002.ts" />
      <file href="story_content/video_677PypYripJ_64_460x604.hls/stream_2data000003.ts" />
      <file href="story_content/video_677PypYripJ_64_460x604.hls/stream_2data000004.ts" />
      <file href="story_content/video_677PypYripJ_64_460x604.hls/stream_2data000005.ts" />
      <file href="story_content/video_677PypYripJ_64_460x604.hls/stream_2data000006.ts" />
      <file href="story_content/video_677PypYripJ_64_460x604.hls/stream_3.m3u8" />
      <file href="story_content/video_677PypYripJ_64_460x604.hls/stream_3data000000.ts" />
      <file href="story_content/video_677PypYripJ_64_460x604.hls/stream_3data000001.ts" />
      <file href="story_content/video_677PypYripJ_64_460x604.hls/stream_3data000002.ts" />
      <file href="story_content/video_677PypYripJ_64_460x604.hls/stream_3data000003.ts" />
      <file href="story_content/video_677PypYripJ_64_460x604.hls/stream_3data000004.ts" />
      <file href="story_content/video_677PypYripJ_64_460x604.hls/stream_3data000005.ts" />
      <file href="story_content/video_677PypYripJ_64_460x604.hls/stream_3data000006.ts" />
      <file href="mobile/poster_62edN7PYfLC_main.jpg" />
      <file href="mobile/68YyZLV9jNS.png" />
      <file href="mobile/6nMf7ypZ2hD.png" />
      <file href="story_content/5ZjFnV33Rgd_44100_64_0.mp3" />
      <file href="story_content/6S79AU5H1v9_captions.js" />
      <file href="story_content/5fDOz4LsePh_44100_64_0.mp3" />
      <file href="story_content/5tyrXESa3WE_captions.js" />
      <file href="mobile/6NDSgYGkUKZ.png" />
      <file href="mobile/5d0eUiQSllP.png" />
      <file href="mobile/63cvIEajwwn.png" />
      <file href="story_content/62oLUv0YXSX_44100_64_0.mp3" />
      <file href="story_content/5oxoirIwddG_captions.js" />
      <file href="mobile/5bq7t5WWnbK.png" />
      <file href="story_content/6qdF9XfozzD_44100_64_0.mp3" />
      <file href="story_content/6J3oncJLwI8_captions.js" />
      <file href="mobile/6NTbhgxrHMi.png" />
      <file href="story_content/6LerX4BPkYv_44100_64_0.mp3" />
      <file href="story_content/5yn0xQZsoqv_captions.js" />
      <file href="mobile/6MPWQu62Z8v.png" />
      <file href="mobile/5ub5omCTkEf.png" />
      <file href="mobile/6fsmzc7peac.png" />
      <file href="story_content/6Psv5SBBsn4_44100_64_0.mp3" />
      <file href="story_content/6esk95wV313_captions.js" />
      <file href="mobile/6dPmLOmrGSz.png" />
      <file href="mobile/5vlypDsQopb.png" />
      <file href="story_content/6KCBlgkONAK_44100_64_0.mp3" />
      <file href="story_content/5cPEcS6q8GB_captions.js" />
      <file href="mobile/5rbhdnkda1Z.png" />
      <file href="mobile/6DG6EEWdCc7.png" />
      <file href="mobile/6dIj2WpmRKW.png" />
      <file href="story_content/6Gb4fJlzoFm_44100_64_0.mp3" />
      <file href="story_content/5dmC9JhHNO2_captions.js" />
      <file href="mobile/6HfstF0cupY.png" />
      <file href="story_content/5v2M3jJT0eK_44100_64_0.mp3" />
      <file href="story_content/5snh6Ol3NW1_captions.js" />
      <file href="mobile/6cvWsE8nHPh.png" />
      <file href="mobile/6JVa4Nvmhcf.png" />
      <file href="mobile/5iHoNLXo4vI.png" />
      <file href="story_content/5kYzLohx4s4_44100_64_0.mp3" />
      <file href="story_content/6dUOLVio1jh_captions.js" />
      <file href="mobile/6Cny1gj9tfE.png" />
      <file href="story_content/6OlcQQUj4hf_44100_64_0.mp3" />
      <file href="story_content/6TOZwmqQrHV_captions.js" />
      <file href="mobile/6QBNk4oRG6S.png" />
      <file href="mobile/5l4dlz2BpoK.png" />
      <file href="mobile/6GeinJ1fXIh.png" />
      <file href="mobile/64iaKmyjyDO.png" />
      <file href="mobile/6p8jBfZQyR9.png" />
      <file href="story_content/6WTAL6DKtoS_44100_64_0.mp3" />
      <file href="story_content/5y6YVmmA073_captions.js" />
      <file href="mobile/6eOMZKE7ZtP.png" />
      <file href="story_content/5kiLo04MDfY_44100_64_0.mp3" />
      <file href="story_content/6ofCoYQ4DjO_captions.js" />
      <file href="mobile/63OOl0wliu3.png" />
      <file href="mobile/5nz0QNNKHWG.png" />
      <file href="mobile/5swNIHpcyLq.png" />
      <file href="story_content/5q6yRaKITh8_44100_64_0.mp3" />
      <file href="story_content/6ffps47qrRm_captions.js" />
      <file href="story_content/5V4W8CdDv6O_44100_64_0.mp3" />
      <file href="story_content/5iOSWvYiN4r_captions.js" />
      <file href="mobile/6W796Vry9Iu.png" />
      <file href="mobile/5aYZmvZGUug.png" />
      <file href="mobile/5spw4fWd73X.png" />
      <file href="mobile/6Wnji3zvirN.png" />
      <file href="story_content/6QohuPzwRBm_44100_64_0.mp3" />
      <file href="story_content/6P15LtgSPrs_captions.js" />
      <file href="meta.xml" />
      <file href="story_content/triggers.js" />
      <file href="story_content/user.js" />
      <file href="mobile/txt__default_6VZ7Sqd2yHA.png" />
      <file href="mobile/txt__default_65G9RRXDilP.png" />
      <file href="mobile/Shape6qRoZllTfXx.png" />
      <file href="html5/data/css/output.min.css" />
      <file href="html5/data/js/5atlcRxQko6.js" />
      <file href="html5/data/js/5bDOG2vFHbr.js" />
      <file href="html5/data/js/5bnnRFJbwWU.js" />
      <file href="html5/data/js/5e7mvyYL8wv.js" />
      <file href="html5/data/js/5fmDO71H4DO.js" />
      <file href="html5/data/js/5iVL3q5No1f.js" />
      <file href="html5/data/js/5sNGvK2GvUf.js" />
      <file href="html5/data/js/5u6eWBJa0Q7.js" />
      <file href="html5/data/js/5XgVJyoaCJq.js" />
      <file href="html5/data/js/5XHhvnJgRoa.js" />
      <file href="html5/data/js/60LV8HA7KWf.js" />
      <file href="html5/data/js/69K6ppDsA4K.js" />
      <file href="html5/data/js/6BKbbQu3tpf.js" />
      <file href="html5/data/js/6byqRQI0Xjf.js" />
      <file href="html5/data/js/6chTQV7TlSb.js" />
      <file href="html5/data/js/6Dlk7mj6Zqo.js" />
      <file href="html5/data/js/6gei47G8HoT.js" />
      <file href="html5/data/js/6IDZoidbCSR.js" />
      <file href="html5/data/js/6Lhj0AP2RVM.js" />
      <file href="html5/data/js/6MVJyYjdFPc.js" />
      <file href="html5/data/js/6WNVKbduINV.js" />
      <file href="html5/data/js/data.js" />
      <file href="html5/data/js/frame.js" />
      <file href="html5/data/js/paths.js" />
      <file href="html5/lib/hls/hls.min.js" />
      <file href="html5/lib/scripts/bootstrapper.min.js" />
      <file href="html5/lib/scripts/frame.desktop.min.js" />
      <file href="html5/lib/scripts/frame.mobile.min.js" />
      <file href="html5/lib/scripts/slides.min.js" />
      <file href="html5/lib/stylesheets/desktop.min.css" />
      <file href="html5/lib/stylesheets/mobile.min.css" />
      <file href="html5/lib/stylesheets/mobile-fonts/open-sans-bold.woff" />
      <file href="html5/lib/stylesheets/mobile-fonts/open-sans-light.woff" />
      <file href="html5/lib/stylesheets/mobile-fonts/open-sans-regular.woff" />
      <file href="analytics-frame.html" />
      <file href="story.html" />
      <file href="index_lms.html" />
      <file href="lms/AICCComm.html" />
      <file href="lms/blank.html" />
      <file href="lms/browsersniff.js" />
      <file href="lms/goodbye.html" />
      <file href="lms/scormdriver.js" />
    </resource>
  </resources>
</manifest>