﻿<?xml version="1.0" encoding="utf-8"?>
<manifest identifier="_5zQmadoACQi_course_id" version="1.0" xmlns="http://www.imsproject.org/xsd/imscp_rootv1p1p2" xmlns:adlcp="http://www.adlnet.org/xsd/adlcp_rootv1p2" xmlns:xsi="http://www.w3.org/2001/XMLSchema-instance" xsi:schemaLocation="http://www.imsproject.org/xsd/imscp_rootv1p1p2 imscp_rootv1p1p2.xsd http://www.imsglobal.org/xsd/imsmd_rootv1p2p1 imsmd_rootv1p2p1.xsd http://www.adlnet.org/xsd/adlcp_rootv1p2 adlcp_rootv1p2.xsd">
  <metadata>
    <schema>ADL SCORM</schema>
    <schemaversion>1.2</schemaversion>
    <lom xmlns="http://www.imsglobal.org/xsd/imsmd_rootv1p2p1" xmlns:xsi="http://www.w3.org/2001/XMLSchema-instance" xsi:schemaLocation="http://www.imsglobal.org/xsd/imsmd_rootv1p2p1 imsmd_rootv1p2p1.xsd">
      <general>
        <title>
          <langstring xml:lang="x-none">Categories of EdTech Tools </langstring>
        </title>
      </general>
      <lifecycle>
        <version>
          <langstring xml:lang="x-none">1</langstring>
        </version>
        <status>
          <source>
            <langstring xml:lang="x-none">LOMv1.0</langstring>
          </source>
          <value>
            <langstring xml:lang="x-none">Final</langstring>
          </value>
        </status>
      </lifecycle>
      <metametadata>
        <metadatascheme>ADL SCORM 1.2</metadatascheme>
      </metametadata>
      <educational>
        <typicallearningtime>
          <datetime>PT0H0M0S</datetime>
        </typicallearningtime>
      </educational>
      <rights>
        <cost>
          <source>
            <langstring xml:lang="x-none">LOMv1.0</langstring>
          </source>
          <value>
            <langstring xml:lang="x-none">yes</langstring>
          </value>
        </cost>
        <copyrightandotherrestrictions>
          <source>
            <langstring xml:lang="x-none">LOMv1.0</langstring>
          </source>
          <value>
            <langstring xml:lang="x-none">yes</langstring>
          </value>
        </copyrightandotherrestrictions>
      </rights>
    </lom>
  </metadata>
  <organizations default="Categories_of_EdTech_Tools__ORG">
    <organization identifier="Categories_of_EdTech_Tools__ORG">
      <title>Categories of EdTech Tools </title>
      <item identifier="_343_Adult_Learning_Principles_SCO" isvisible="true" identifierref="__5zQmadoACQi_course_id_RES">
        <title>Categories of EdTech Tools </title>
      </item>
    </organization>
  </organizations>
  <resources>
    <resource identifier="__5zQmadoACQi_course_id_RES" type="webcontent" href="index_lms.html" adlcp:scormtype="sco">
      <file href="story_content/thumbnail.jpg" />
      <file href="mobile/6mYXzZdOEDa.png" />
      <file href="mobile/6pdYEhkzZBj.png" />
      <file href="mobile/5hN7TDNDNH8.png" />
      <file href="mobile/5gblFbEkALK.png" />
      <file href="mobile/5oIyu4aOaqp.png" />
      <file href="mobile/62mu1z191KS.png" />
      <file href="mobile/6EO1SgKahLj.png" />
      <file href="mobile/6VdcA14anZ1.png" />
      <file href="mobile/6SgLPTGlLDK.png" />
      <file href="mobile/5yhGzbyrmf7.png" />
      <file href="mobile/6UtcIysmKUa.png" />
      <file href="mobile/6mzIF5avosv.png" />
      <file href="mobile/66N5NTCbd76.png" />
      <file href="mobile/6hBzi0wzO7V.png" />
      <file href="mobile/6MNbpctrZaW.png" />
      <file href="mobile/68m2CszeQJ7.png" />
      <file href="story_content/6bIAwIXd6Wz_44100_56_0.mp3" />
      <file href="mobile/6Xcny8SJimB.png" />
      <file href="mobile/64IonyS9ZO9.png" />
      <file href="mobile/5nDcCDe4Nmg.png" />
      <file href="mobile/6ppkdprl1pu.png" />
      <file href="mobile/5WKPz5fi9Ac.png" />
      <file href="mobile/6BqnH1JUjUt.png" />
      <file href="mobile/5ZuJOjnHlON.png" />
      <file href="mobile/5ZxegiKnybD.png" />
      <file href="meta.xml" />
      <file href="story_content/triggers.js" />
      <file href="story_content/user.js" />
      <file href="html5/data/css/output.min.css" />
      <file href="html5/data/js/629MRgPjMjD.js" />
      <file href="html5/data/js/data.js" />
      <file href="html5/data/js/frame.js" />
      <file href="html5/data/js/paths.js" />
      <file href="html5/lib/scripts/bootstrapper.min.js" />
      <file href="html5/lib/scripts/frame.desktop.min.js" />
      <file href="html5/lib/scripts/frame.mobile.min.js" />
      <file href="html5/lib/scripts/slides.min.js" />
      <file href="html5/lib/stylesheets/desktop.min.css" />
      <file href="html5/lib/stylesheets/mobile.min.css" />
      <file href="html5/lib/stylesheets/mobile-fonts/open-sans-bold.woff" />
      <file href="html5/lib/stylesheets/mobile-fonts/open-sans-light.woff" />
      <file href="html5/lib/stylesheets/mobile-fonts/open-sans-regular.woff" />
      <file href="analytics-frame.html" />
      <file href="story.html" />
      <file href="index_lms.html" />
      <file href="lms/AICCComm.html" />
      <file href="lms/blank.html" />
      <file href="lms/browsersniff.js" />
      <file href="lms/goodbye.html" />
      <file href="lms/scormdriver.js" />
    </resource>
  </resources>
</manifest>