<?xml version="1.0"?>
<lom xmlns="http://ltsc.ieee.org/xsd/LOM" xmlns:xsi="http://www.w3.org/2001/XMLSchema-instance" xsi:schemaLocation="http://ltsc.ieee.org/xsd/LOM lom.xsd">
  <general>
    <!--****** 2 ******-->
    <identifier>
      <catalog>Catalog</catalog>
      <entry>1</entry>
    </identifier>
    <!--****** 1 ******-->
    <title>
      <string language="en-US">StudentPerformance</string>
    </title>
    <language>en</language>
    <!--****** 3 ******-->
    <description>
      <string language="en-US">
      </string>
    </description>
    <!--****** 4 ******-->
    <keyword>
      <string language="en-US">
      </string>
    </keyword>
  </general>
  <lifeCycle>
    <!--****** 5 ******-->
    <version>
      <string language="en-US">1</string>
    </version>
    <status>
      <source>LOMv1.0</source>
      <value>final</value>
    </status>
  </lifeCycle>
  <metaMetadata>
    <metadataSchema>LOMv1.0</metadataSchema>
    <metadataSchema>SCORM_CAM_v1.3</metadataSchema>
  </metaMetadata>
  <educational>
    <typicalLearningTime>
      <duration>PT0H0M0S</duration>
    </typicalLearningTime>
  </educational>
  <technical>
    <!--****** 6 ******-->
    <format>text/html</format>
  </technical>
  <rights>
    <!--****** 7 ******-->
    <cost>
      <source>LOMv1.0</source>
      <value>yes</value>
    </cost>
    <!--****** 8 ******-->
    <copyrightAndOtherRestrictions>
      <source>LOMv1.0</source>
      <value>yes</value>
    </copyrightAndOtherRestrictions>
  </rights>
  <classification>
    <purpose>
      <source>LOMv1.0</source>
      <value>educational objective</value>
    </purpose>
    <!--****** 9 ******-->
    <description>
      <string language="en-US">
      </string>
    </description>
    <!--****** 10 ******-->
    <keyword>
      <string language="en-US">
      </string>
    </keyword>
  </classification>
</lom>