﻿<?xml version="1.0" encoding="utf-8" standalone="no"?>
<manifest identifier="_6WDDeTSnXvh" version="1.3" xmlns="http://www.imsglobal.org/xsd/imscp_v1p1" xmlns:adlcp="http://www.adlnet.org/xsd/adlcp_v1p3" xmlns:adlseq="http://www.adlnet.org/xsd/adlseq_v1p3" xmlns:adlnav="http://www.adlnet.org/xsd/adlnav_v1p3" xmlns:imsss="http://www.imsglobal.org/xsd/imsss" xmlns:xsi="http://www.w3.org/2001/XMLSchema-instance" xmlns:lom="http://ltsc.ieee.org/xsd/LOM" xsi:schemaLocation="http://www.imsglobal.org/xsd/imscp_v1p1 imscp_v1p1.xsd
                              http://www.adlnet.org/xsd/adlcp_v1p3 adlcp_v1p3.xsd
                              http://www.adlnet.org/xsd/adlseq_v1p3 adlseq_v1p3.xsd
                              http://www.adlnet.org/xsd/adlnav_v1p3 adlnav_v1p3.xsd
							  http://www.imsglobal.org/xsd/imsss imsss_v1p0.xsd
							  http://ltsc.ieee.org/xsd/LOM lom.xsd">
  <metadata>
    <schema>ADL SCORM</schema>
    <schemaversion>2004 4th Edition</schemaversion>
    <adlcp:location>metadata.xml</adlcp:location>
  </metadata>
  <organizations default="Testwiseness_ORG">
    <organization identifier="Testwiseness_ORG" adlseq:objectivesGlobalToSystem="false">
      <title>Testwiseness</title>
      <item identifier="Testwiseness_SCO" identifierref="__6WDDeTSnXvh_RES" isvisible="true">
        <title>Testwiseness</title>
        <imsss:sequencing>
          <imsss:deliveryControls tracked="true" completionSetByContent="true" objectiveSetByContent="true" />
        </imsss:sequencing>
      </item>
      <metadata>
        <adlcp:location>metadata.xml</adlcp:location>
      </metadata>
      <imsss:sequencing>
        <imsss:controlMode choice="true" flow="true" />
      </imsss:sequencing>
    </organization>
  </organizations>
  <resources>
    <resource identifier="__6WDDeTSnXvh_RES" type="webcontent" adlcp:scormType="sco" href="index_lms.html">
      <file href="story_content/thumbnail.jpg" />
      <file href="story_content/video_677PypYripJ_64_460x604.hls/main.m3u8" />
      <file href="story_content/video_677PypYripJ_64_460x604.hls/stream_0.m3u8" />
      <file href="story_content/video_677PypYripJ_64_460x604.hls/stream_0data000000.ts" />
      <file href="story_content/video_677PypYripJ_64_460x604.hls/stream_0data000001.ts" />
      <file href="story_content/video_677PypYripJ_64_460x604.hls/stream_0data000002.ts" />
      <file href="story_content/video_677PypYripJ_64_460x604.hls/stream_0data000003.ts" />
      <file href="story_content/video_677PypYripJ_64_460x604.hls/stream_0data000004.ts" />
      <file href="story_content/video_677PypYripJ_64_460x604.hls/stream_0data000005.ts" />
      <file href="story_content/video_677PypYripJ_64_460x604.hls/stream_0data000006.ts" />
      <file href="story_content/video_677PypYripJ_64_460x604.hls/stream_0data000007.ts" />
      <file href="story_content/video_677PypYripJ_64_460x604.hls/stream_1.m3u8" />
      <file href="story_content/video_677PypYripJ_64_460x604.hls/stream_1data000000.ts" />
      <file href="story_content/video_677PypYripJ_64_460x604.hls/stream_1data000001.ts" />
      <file href="story_content/video_677PypYripJ_64_460x604.hls/stream_1data000002.ts" />
      <file href="story_content/video_677PypYripJ_64_460x604.hls/stream_1data000003.ts" />
      <file href="story_content/video_677PypYripJ_64_460x604.hls/stream_1data000004.ts" />
      <file href="story_content/video_677PypYripJ_64_460x604.hls/stream_1data000005.ts" />
      <file href="story_content/video_677PypYripJ_64_460x604.hls/stream_1data000006.ts" />
      <file href="story_content/video_677PypYripJ_64_460x604.hls/stream_2.m3u8" />
      <file href="story_content/video_677PypYripJ_64_460x604.hls/stream_2data000000.ts" />
      <file href="story_content/video_677PypYripJ_64_460x604.hls/stream_2data000001.ts" />
      <file href="story_content/video_677PypYripJ_64_460x604.hls/stream_2data000002.ts" />
      <file href="story_content/video_677PypYripJ_64_460x604.hls/stream_2data000003.ts" />
      <file href="story_content/video_677PypYripJ_64_460x604.hls/stream_2data000004.ts" />
      <file href="story_content/video_677PypYripJ_64_460x604.hls/stream_2data000005.ts" />
      <file href="story_content/video_677PypYripJ_64_460x604.hls/stream_2data000006.ts" />
      <file href="story_content/video_677PypYripJ_64_460x604.hls/stream_3.m3u8" />
      <file href="story_content/video_677PypYripJ_64_460x604.hls/stream_3data000000.ts" />
      <file href="story_content/video_677PypYripJ_64_460x604.hls/stream_3data000001.ts" />
      <file href="story_content/video_677PypYripJ_64_460x604.hls/stream_3data000002.ts" />
      <file href="story_content/video_677PypYripJ_64_460x604.hls/stream_3data000003.ts" />
      <file href="story_content/video_677PypYripJ_64_460x604.hls/stream_3data000004.ts" />
      <file href="story_content/video_677PypYripJ_64_460x604.hls/stream_3data000005.ts" />
      <file href="story_content/video_677PypYripJ_64_460x604.hls/stream_3data000006.ts" />
      <file href="mobile/poster_633MVtQjjRj_main.jpg" />
      <file href="mobile/6UomoWzKUMn.png" />
      <file href="mobile/6j04FjeHcCe.png" />
      <file href="story_content/5ig0xuJOlRt_44100_64_0.mp3" />
      <file href="story_content/6CcPFYXkmbp_captions.js" />
      <file href="story_content/6ciSOKeRQzp_44100_64_0.mp3" />
      <file href="story_content/6riaYiiIXUt_captions.js" />
      <file href="mobile/5yzX1yCHjQs.png" />
      <file href="mobile/5qTzZfGuzgG.png" />
      <file href="mobile/6fYnGcAmRax.png" />
      <file href="story_content/61ohbPmieQq_44100_64_0.mp3" />
      <file href="story_content/6aJrIHK0sLa_captions.js" />
      <file href="mobile/6QKYVSIYTb0.png" />
      <file href="story_content/6clfcMGoAsL_44100_64_0.mp3" />
      <file href="story_content/6I9yj9iAzMc_captions.js" />
      <file href="mobile/6U4poThUfap.png" />
      <file href="mobile/6N14oBEk4Lf.png" />
      <file href="story_content/5V3v0bCbhfS_44100_64_0.mp3" />
      <file href="story_content/6fu7zqvPGsN_captions.js" />
      <file href="mobile/6Y7UzGXKT7V.png" />
      <file href="story_content/5vh1MfieZLD_44100_64_0.mp3" />
      <file href="story_content/5imiMW6PnJ1_captions.js" />
      <file href="mobile/6LfoI2L4m8U.png" />
      <file href="mobile/625sFyKG23t.png" />
      <file href="story_content/5VYuWiWx1qT_44100_64_0.mp3" />
      <file href="story_content/6TxhrWLypql_captions.js" />
      <file href="story_content/5WFjQJbwqWW_44100_64_0.mp3" />
      <file href="story_content/6ED7OVAVEf1_captions.js" />
      <file href="mobile/6SnZqbO8L00.png" />
      <file href="mobile/6T0Rj8KLDEh.png" />
      <file href="story_content/6R7fJ8AN1ND_44100_64_0.mp3" />
      <file href="story_content/6CbrbqhLOyz_captions.js" />
      <file href="mobile/6rmJNy6d60m.png" />
      <file href="mobile/627emQKGuCW.png" />
      <file href="story_content/6R3S5U2yYNB_44100_64_0.mp3" />
      <file href="story_content/6mid7xfGdnS_captions.js" />
      <file href="story_content/6HyKg4H3DYs_44100_64_0.mp3" />
      <file href="story_content/5yfmnzpa9Zv_captions.js" />
      <file href="mobile/5mWeRPe3X3b.png" />
      <file href="story_content/6AnyM4hpBQw_44100_64_0.mp3" />
      <file href="story_content/6imlIHa2S9Z_captions.js" />
      <file href="mobile/6W796Vry9Iu.png" />
      <file href="mobile/5aYZmvZGUug.png" />
      <file href="mobile/5nvvFKjOaXE.png" />
      <file href="mobile/5spw4fWd73X.png" />
      <file href="mobile/5jT3II9XW8J.png" />
      <file href="mobile/6Wnji3zvirN.png" />
      <file href="story_content/6QohuPzwRBm_44100_64_0.mp3" />
      <file href="story_content/5mbXkp5uz1o_captions.js" />
      <file href="meta.xml" />
      <file href="story_content/triggers.js" />
      <file href="story_content/user.js" />
      <file href="mobile/Shape6TMyvBKusuN.png" />
      <file href="html5/data/css/output.min.css" />
      <file href="html5/data/js/5aa7wDlFslZ.js" />
      <file href="html5/data/js/5aOz4Fpe8Zi.js" />
      <file href="html5/data/js/5g3oNL6VVB8.js" />
      <file href="html5/data/js/5kcB97Dfq3t.js" />
      <file href="html5/data/js/5qLqqjBFsoE.js" />
      <file href="html5/data/js/5XyBVKumNAN.js" />
      <file href="html5/data/js/5YjqyaVLNRZ.js" />
      <file href="html5/data/js/68U3dasiOgD.js" />
      <file href="html5/data/js/6CEn3pgVVbY.js" />
      <file href="html5/data/js/6GgK1cpRAkV.js" />
      <file href="html5/data/js/6gGqolOIepY.js" />
      <file href="html5/data/js/6jkxwJgl11b.js" />
      <file href="html5/data/js/6KOgYOI8mSv.js" />
      <file href="html5/data/js/6MKUpnBasKD.js" />
      <file href="html5/data/js/6nuCxSJUCNo.js" />
      <file href="html5/data/js/6oPX7kxEk42.js" />
      <file href="html5/data/js/6r0Lb2zcS1m.js" />
      <file href="html5/data/js/6WwKZolxVj7.js" />
      <file href="html5/data/js/data.js" />
      <file href="html5/data/js/frame.js" />
      <file href="html5/data/js/paths.js" />
      <file href="html5/lib/hls/hls.min.js" />
      <file href="html5/lib/scripts/bootstrapper.min.js" />
      <file href="html5/lib/scripts/frame.desktop.min.js" />
      <file href="html5/lib/scripts/frame.mobile.min.js" />
      <file href="html5/lib/scripts/slides.min.js" />
      <file href="html5/lib/stylesheets/desktop.min.css" />
      <file href="html5/lib/stylesheets/mobile.min.css" />
      <file href="html5/lib/stylesheets/mobile-fonts/open-sans-bold.woff" />
      <file href="html5/lib/stylesheets/mobile-fonts/open-sans-light.woff" />
      <file href="html5/lib/stylesheets/mobile-fonts/open-sans-regular.woff" />
      <file href="analytics-frame.html" />
      <file href="story.html" />
      <file href="index_lms.html" />
      <file href="lms/AICCComm.html" />
      <file href="lms/blank.html" />
      <file href="lms/browsersniff.js" />
      <file href="lms/goodbye.html" />
      <file href="lms/scormdriver.js" />
    </resource>
  </resources>
</manifest>