﻿<?xml version="1.0" encoding="utf-8"?>
<manifest identifier="_6WHgvdpt3JQ" version="1.0" xmlns="http://www.imsproject.org/xsd/imscp_rootv1p1p2" xmlns:adlcp="http://www.adlnet.org/xsd/adlcp_rootv1p2" xmlns:xsi="http://www.w3.org/2001/XMLSchema-instance" xsi:schemaLocation="http://www.imsproject.org/xsd/imscp_rootv1p1p2 imscp_rootv1p1p2.xsd http://www.imsglobal.org/xsd/imsmd_rootv1p2p1 imsmd_rootv1p2p1.xsd http://www.adlnet.org/xsd/adlcp_rootv1p2 adlcp_rootv1p2.xsd">
  <metadata>
    <schema>ADL SCORM</schema>
    <schemaversion>1.2</schemaversion>
    <lom xmlns="http://www.imsglobal.org/xsd/imsmd_rootv1p2p1" xmlns:xsi="http://www.w3.org/2001/XMLSchema-instance" xsi:schemaLocation="http://www.imsglobal.org/xsd/imsmd_rootv1p2p1 imsmd_rootv1p2p1.xsd">
      <general>
        <title>
          <langstring xml:lang="x-none">Online Assessments: Scenario Assignment</langstring>
        </title>
      </general>
      <lifecycle>
        <version>
          <langstring xml:lang="x-none">1</langstring>
        </version>
        <status>
          <source>
            <langstring xml:lang="x-none">LOMv1.0</langstring>
          </source>
          <value>
            <langstring xml:lang="x-none">Final</langstring>
          </value>
        </status>
      </lifecycle>
      <metametadata>
        <metadatascheme>ADL SCORM 1.2</metadatascheme>
      </metametadata>
      <educational>
        <typicallearningtime>
          <datetime>PT0H0M0S</datetime>
        </typicallearningtime>
      </educational>
      <rights>
        <cost>
          <source>
            <langstring xml:lang="x-none">LOMv1.0</langstring>
          </source>
          <value>
            <langstring xml:lang="x-none">yes</langstring>
          </value>
        </cost>
        <copyrightandotherrestrictions>
          <source>
            <langstring xml:lang="x-none">LOMv1.0</langstring>
          </source>
          <value>
            <langstring xml:lang="x-none">yes</langstring>
          </value>
        </copyrightandotherrestrictions>
      </rights>
    </lom>
  </metadata>
  <organizations default="Online_Assessments:_Scenario_Assignment_ORG">
    <organization identifier="Online_Assessments:_Scenario_Assignment_ORG">
      <title>Online Assessments: Scenario Assignment</title>
      <item identifier="Online_Assessments:_Scenario_Assignment_SCO" isvisible="true" identifierref="__6WHgvdpt3JQ_RES">
        <title>Online Assessments: Scenario Assignment</title>
      </item>
    </organization>
  </organizations>
  <resources>
    <resource identifier="__6WHgvdpt3JQ_RES" type="webcontent" href="index_lms.html" adlcp:scormtype="sco">
      <file href="story_content/thumbnail.jpg" />
      <file href="mobile/5eYho79O9me.png" />
      <file href="story_content/video_5wdnwMa2E8r_48_1280x720.hls/main.m3u8" />
      <file href="story_content/video_5wdnwMa2E8r_48_1280x720.hls/stream_0.m3u8" />
      <file href="story_content/video_5wdnwMa2E8r_48_1280x720.hls/stream_0data000000.ts" />
      <file href="story_content/video_5wdnwMa2E8r_48_1280x720.hls/stream_0data000001.ts" />
      <file href="story_content/video_5wdnwMa2E8r_48_1280x720.hls/stream_0data000002.ts" />
      <file href="story_content/video_5wdnwMa2E8r_48_1280x720.hls/stream_0data000003.ts" />
      <file href="story_content/video_5wdnwMa2E8r_48_1280x720.hls/stream_0data000004.ts" />
      <file href="story_content/video_5wdnwMa2E8r_48_1280x720.hls/stream_0data000005.ts" />
      <file href="story_content/video_5wdnwMa2E8r_48_1280x720.hls/stream_0data000006.ts" />
      <file href="story_content/video_5wdnwMa2E8r_48_1280x720.hls/stream_0data000007.ts" />
      <file href="story_content/video_5wdnwMa2E8r_48_1280x720.hls/stream_0data000008.ts" />
      <file href="story_content/video_5wdnwMa2E8r_48_1280x720.hls/stream_1.m3u8" />
      <file href="story_content/video_5wdnwMa2E8r_48_1280x720.hls/stream_1data000000.ts" />
      <file href="story_content/video_5wdnwMa2E8r_48_1280x720.hls/stream_1data000001.ts" />
      <file href="story_content/video_5wdnwMa2E8r_48_1280x720.hls/stream_1data000002.ts" />
      <file href="story_content/video_5wdnwMa2E8r_48_1280x720.hls/stream_1data000003.ts" />
      <file href="story_content/video_5wdnwMa2E8r_48_1280x720.hls/stream_1data000004.ts" />
      <file href="story_content/video_5wdnwMa2E8r_48_1280x720.hls/stream_1data000005.ts" />
      <file href="story_content/video_5wdnwMa2E8r_48_1280x720.hls/stream_1data000006.ts" />
      <file href="story_content/video_5wdnwMa2E8r_48_1280x720.hls/stream_1data000007.ts" />
      <file href="story_content/video_5wdnwMa2E8r_48_1280x720.hls/stream_1data000008.ts" />
      <file href="story_content/video_5wdnwMa2E8r_48_1280x720.hls/stream_2.m3u8" />
      <file href="story_content/video_5wdnwMa2E8r_48_1280x720.hls/stream_2data000000.ts" />
      <file href="story_content/video_5wdnwMa2E8r_48_1280x720.hls/stream_2data000001.ts" />
      <file href="story_content/video_5wdnwMa2E8r_48_1280x720.hls/stream_2data000002.ts" />
      <file href="story_content/video_5wdnwMa2E8r_48_1280x720.hls/stream_2data000003.ts" />
      <file href="story_content/video_5wdnwMa2E8r_48_1280x720.hls/stream_2data000004.ts" />
      <file href="story_content/video_5wdnwMa2E8r_48_1280x720.hls/stream_2data000005.ts" />
      <file href="story_content/video_5wdnwMa2E8r_48_1280x720.hls/stream_2data000006.ts" />
      <file href="story_content/video_5wdnwMa2E8r_48_1280x720.hls/stream_2data000007.ts" />
      <file href="story_content/video_5wdnwMa2E8r_48_1280x720.hls/stream_2data000008.ts" />
      <file href="story_content/video_5wdnwMa2E8r_48_1280x720.hls/stream_3.m3u8" />
      <file href="story_content/video_5wdnwMa2E8r_48_1280x720.hls/stream_3data000000.ts" />
      <file href="story_content/video_5wdnwMa2E8r_48_1280x720.hls/stream_3data000001.ts" />
      <file href="story_content/video_5wdnwMa2E8r_48_1280x720.hls/stream_3data000002.ts" />
      <file href="story_content/video_5wdnwMa2E8r_48_1280x720.hls/stream_3data000003.ts" />
      <file href="story_content/video_5wdnwMa2E8r_48_1280x720.hls/stream_3data000004.ts" />
      <file href="story_content/video_5wdnwMa2E8r_48_1280x720.hls/stream_3data000005.ts" />
      <file href="story_content/video_5wdnwMa2E8r_48_1280x720.hls/stream_3data000006.ts" />
      <file href="story_content/video_5wdnwMa2E8r_48_1280x720.hls/stream_3data000007.ts" />
      <file href="story_content/video_5wdnwMa2E8r_48_1280x720.hls/stream_3data000008.ts" />
      <file href="mobile/poster_6bbAdLFE9gY_main.jpg" />
      <file href="mobile/6LJYWLW4brj_M_4096_4096.png" />
      <file href="mobile/6JRuvdMNQdM_M_4096_4096.png" />
      <file href="story_content/video_6dMnVYxX7wk_48_1280x720.hls/main.m3u8" />
      <file href="story_content/video_6dMnVYxX7wk_48_1280x720.hls/stream_0.m3u8" />
      <file href="story_content/video_6dMnVYxX7wk_48_1280x720.hls/stream_0data000000.ts" />
      <file href="story_content/video_6dMnVYxX7wk_48_1280x720.hls/stream_0data000001.ts" />
      <file href="story_content/video_6dMnVYxX7wk_48_1280x720.hls/stream_0data000002.ts" />
      <file href="story_content/video_6dMnVYxX7wk_48_1280x720.hls/stream_0data000003.ts" />
      <file href="story_content/video_6dMnVYxX7wk_48_1280x720.hls/stream_0data000004.ts" />
      <file href="story_content/video_6dMnVYxX7wk_48_1280x720.hls/stream_0data000005.ts" />
      <file href="story_content/video_6dMnVYxX7wk_48_1280x720.hls/stream_0data000006.ts" />
      <file href="story_content/video_6dMnVYxX7wk_48_1280x720.hls/stream_0data000007.ts" />
      <file href="story_content/video_6dMnVYxX7wk_48_1280x720.hls/stream_1.m3u8" />
      <file href="story_content/video_6dMnVYxX7wk_48_1280x720.hls/stream_1data000000.ts" />
      <file href="story_content/video_6dMnVYxX7wk_48_1280x720.hls/stream_1data000001.ts" />
      <file href="story_content/video_6dMnVYxX7wk_48_1280x720.hls/stream_1data000002.ts" />
      <file href="story_content/video_6dMnVYxX7wk_48_1280x720.hls/stream_1data000003.ts" />
      <file href="story_content/video_6dMnVYxX7wk_48_1280x720.hls/stream_1data000004.ts" />
      <file href="story_content/video_6dMnVYxX7wk_48_1280x720.hls/stream_1data000005.ts" />
      <file href="story_content/video_6dMnVYxX7wk_48_1280x720.hls/stream_1data000006.ts" />
      <file href="story_content/video_6dMnVYxX7wk_48_1280x720.hls/stream_1data000007.ts" />
      <file href="story_content/video_6dMnVYxX7wk_48_1280x720.hls/stream_2.m3u8" />
      <file href="story_content/video_6dMnVYxX7wk_48_1280x720.hls/stream_2data000000.ts" />
      <file href="story_content/video_6dMnVYxX7wk_48_1280x720.hls/stream_2data000001.ts" />
      <file href="story_content/video_6dMnVYxX7wk_48_1280x720.hls/stream_2data000002.ts" />
      <file href="story_content/video_6dMnVYxX7wk_48_1280x720.hls/stream_2data000003.ts" />
      <file href="story_content/video_6dMnVYxX7wk_48_1280x720.hls/stream_2data000004.ts" />
      <file href="story_content/video_6dMnVYxX7wk_48_1280x720.hls/stream_2data000005.ts" />
      <file href="story_content/video_6dMnVYxX7wk_48_1280x720.hls/stream_2data000006.ts" />
      <file href="story_content/video_6dMnVYxX7wk_48_1280x720.hls/stream_2data000007.ts" />
      <file href="story_content/video_6dMnVYxX7wk_48_1280x720.hls/stream_3.m3u8" />
      <file href="story_content/video_6dMnVYxX7wk_48_1280x720.hls/stream_3data000000.ts" />
      <file href="story_content/video_6dMnVYxX7wk_48_1280x720.hls/stream_3data000001.ts" />
      <file href="story_content/video_6dMnVYxX7wk_48_1280x720.hls/stream_3data000002.ts" />
      <file href="story_content/video_6dMnVYxX7wk_48_1280x720.hls/stream_3data000003.ts" />
      <file href="story_content/video_6dMnVYxX7wk_48_1280x720.hls/stream_3data000004.ts" />
      <file href="story_content/video_6dMnVYxX7wk_48_1280x720.hls/stream_3data000005.ts" />
      <file href="story_content/video_6dMnVYxX7wk_48_1280x720.hls/stream_3data000006.ts" />
      <file href="story_content/video_6dMnVYxX7wk_48_1280x720.hls/stream_3data000007.ts" />
      <file href="mobile/poster_6itE9caFvEr_main.jpg" />
      <file href="story_content/video_5rPJMHCmjgq_48_1280x720.hls/main.m3u8" />
      <file href="story_content/video_5rPJMHCmjgq_48_1280x720.hls/stream_0.m3u8" />
      <file href="story_content/video_5rPJMHCmjgq_48_1280x720.hls/stream_0data000000.ts" />
      <file href="story_content/video_5rPJMHCmjgq_48_1280x720.hls/stream_0data000001.ts" />
      <file href="story_content/video_5rPJMHCmjgq_48_1280x720.hls/stream_0data000002.ts" />
      <file href="story_content/video_5rPJMHCmjgq_48_1280x720.hls/stream_0data000003.ts" />
      <file href="story_content/video_5rPJMHCmjgq_48_1280x720.hls/stream_0data000004.ts" />
      <file href="story_content/video_5rPJMHCmjgq_48_1280x720.hls/stream_0data000005.ts" />
      <file href="story_content/video_5rPJMHCmjgq_48_1280x720.hls/stream_0data000006.ts" />
      <file href="story_content/video_5rPJMHCmjgq_48_1280x720.hls/stream_0data000007.ts" />
      <file href="story_content/video_5rPJMHCmjgq_48_1280x720.hls/stream_1.m3u8" />
      <file href="story_content/video_5rPJMHCmjgq_48_1280x720.hls/stream_1data000000.ts" />
      <file href="story_content/video_5rPJMHCmjgq_48_1280x720.hls/stream_1data000001.ts" />
      <file href="story_content/video_5rPJMHCmjgq_48_1280x720.hls/stream_1data000002.ts" />
      <file href="story_content/video_5rPJMHCmjgq_48_1280x720.hls/stream_1data000003.ts" />
      <file href="story_content/video_5rPJMHCmjgq_48_1280x720.hls/stream_1data000004.ts" />
      <file href="story_content/video_5rPJMHCmjgq_48_1280x720.hls/stream_1data000005.ts" />
      <file href="story_content/video_5rPJMHCmjgq_48_1280x720.hls/stream_1data000006.ts" />
      <file href="story_content/video_5rPJMHCmjgq_48_1280x720.hls/stream_1data000007.ts" />
      <file href="story_content/video_5rPJMHCmjgq_48_1280x720.hls/stream_2.m3u8" />
      <file href="story_content/video_5rPJMHCmjgq_48_1280x720.hls/stream_2data000000.ts" />
      <file href="story_content/video_5rPJMHCmjgq_48_1280x720.hls/stream_2data000001.ts" />
      <file href="story_content/video_5rPJMHCmjgq_48_1280x720.hls/stream_2data000002.ts" />
      <file href="story_content/video_5rPJMHCmjgq_48_1280x720.hls/stream_2data000003.ts" />
      <file href="story_content/video_5rPJMHCmjgq_48_1280x720.hls/stream_2data000004.ts" />
      <file href="story_content/video_5rPJMHCmjgq_48_1280x720.hls/stream_2data000005.ts" />
      <file href="story_content/video_5rPJMHCmjgq_48_1280x720.hls/stream_2data000006.ts" />
      <file href="story_content/video_5rPJMHCmjgq_48_1280x720.hls/stream_2data000007.ts" />
      <file href="story_content/video_5rPJMHCmjgq_48_1280x720.hls/stream_3.m3u8" />
      <file href="story_content/video_5rPJMHCmjgq_48_1280x720.hls/stream_3data000000.ts" />
      <file href="story_content/video_5rPJMHCmjgq_48_1280x720.hls/stream_3data000001.ts" />
      <file href="story_content/video_5rPJMHCmjgq_48_1280x720.hls/stream_3data000002.ts" />
      <file href="story_content/video_5rPJMHCmjgq_48_1280x720.hls/stream_3data000003.ts" />
      <file href="story_content/video_5rPJMHCmjgq_48_1280x720.hls/stream_3data000004.ts" />
      <file href="story_content/video_5rPJMHCmjgq_48_1280x720.hls/stream_3data000005.ts" />
      <file href="story_content/video_5rPJMHCmjgq_48_1280x720.hls/stream_3data000006.ts" />
      <file href="story_content/video_5rPJMHCmjgq_48_1280x720.hls/stream_3data000007.ts" />
      <file href="mobile/poster_6IsA8OyELTZ_main.jpg" />
      <file href="story_content/video_62Bx8JImP2y_48_1280x720.hls/main.m3u8" />
      <file href="story_content/video_62Bx8JImP2y_48_1280x720.hls/stream_0.m3u8" />
      <file href="story_content/video_62Bx8JImP2y_48_1280x720.hls/stream_0data000000.ts" />
      <file href="story_content/video_62Bx8JImP2y_48_1280x720.hls/stream_0data000001.ts" />
      <file href="story_content/video_62Bx8JImP2y_48_1280x720.hls/stream_0data000002.ts" />
      <file href="story_content/video_62Bx8JImP2y_48_1280x720.hls/stream_0data000003.ts" />
      <file href="story_content/video_62Bx8JImP2y_48_1280x720.hls/stream_0data000004.ts" />
      <file href="story_content/video_62Bx8JImP2y_48_1280x720.hls/stream_0data000005.ts" />
      <file href="story_content/video_62Bx8JImP2y_48_1280x720.hls/stream_0data000006.ts" />
      <file href="story_content/video_62Bx8JImP2y_48_1280x720.hls/stream_1.m3u8" />
      <file href="story_content/video_62Bx8JImP2y_48_1280x720.hls/stream_1data000000.ts" />
      <file href="story_content/video_62Bx8JImP2y_48_1280x720.hls/stream_1data000001.ts" />
      <file href="story_content/video_62Bx8JImP2y_48_1280x720.hls/stream_1data000002.ts" />
      <file href="story_content/video_62Bx8JImP2y_48_1280x720.hls/stream_1data000003.ts" />
      <file href="story_content/video_62Bx8JImP2y_48_1280x720.hls/stream_1data000004.ts" />
      <file href="story_content/video_62Bx8JImP2y_48_1280x720.hls/stream_1data000005.ts" />
      <file href="story_content/video_62Bx8JImP2y_48_1280x720.hls/stream_1data000006.ts" />
      <file href="story_content/video_62Bx8JImP2y_48_1280x720.hls/stream_2.m3u8" />
      <file href="story_content/video_62Bx8JImP2y_48_1280x720.hls/stream_2data000000.ts" />
      <file href="story_content/video_62Bx8JImP2y_48_1280x720.hls/stream_2data000001.ts" />
      <file href="story_content/video_62Bx8JImP2y_48_1280x720.hls/stream_2data000002.ts" />
      <file href="story_content/video_62Bx8JImP2y_48_1280x720.hls/stream_2data000003.ts" />
      <file href="story_content/video_62Bx8JImP2y_48_1280x720.hls/stream_2data000004.ts" />
      <file href="story_content/video_62Bx8JImP2y_48_1280x720.hls/stream_2data000005.ts" />
      <file href="story_content/video_62Bx8JImP2y_48_1280x720.hls/stream_2data000006.ts" />
      <file href="story_content/video_62Bx8JImP2y_48_1280x720.hls/stream_3.m3u8" />
      <file href="story_content/video_62Bx8JImP2y_48_1280x720.hls/stream_3data000000.ts" />
      <file href="story_content/video_62Bx8JImP2y_48_1280x720.hls/stream_3data000001.ts" />
      <file href="story_content/video_62Bx8JImP2y_48_1280x720.hls/stream_3data000002.ts" />
      <file href="story_content/video_62Bx8JImP2y_48_1280x720.hls/stream_3data000003.ts" />
      <file href="story_content/video_62Bx8JImP2y_48_1280x720.hls/stream_3data000004.ts" />
      <file href="story_content/video_62Bx8JImP2y_48_1280x720.hls/stream_3data000005.ts" />
      <file href="story_content/video_62Bx8JImP2y_48_1280x720.hls/stream_3data000006.ts" />
      <file href="mobile/poster_6VUCFn9NIbU_main.jpg" />
      <file href="story_content/video_5wfAnQAyNc8_48_1280x720.hls/main.m3u8" />
      <file href="story_content/video_5wfAnQAyNc8_48_1280x720.hls/stream_0.m3u8" />
      <file href="story_content/video_5wfAnQAyNc8_48_1280x720.hls/stream_0data000000.ts" />
      <file href="story_content/video_5wfAnQAyNc8_48_1280x720.hls/stream_0data000001.ts" />
      <file href="story_content/video_5wfAnQAyNc8_48_1280x720.hls/stream_0data000002.ts" />
      <file href="story_content/video_5wfAnQAyNc8_48_1280x720.hls/stream_0data000003.ts" />
      <file href="story_content/video_5wfAnQAyNc8_48_1280x720.hls/stream_0data000004.ts" />
      <file href="story_content/video_5wfAnQAyNc8_48_1280x720.hls/stream_1.m3u8" />
      <file href="story_content/video_5wfAnQAyNc8_48_1280x720.hls/stream_1data000000.ts" />
      <file href="story_content/video_5wfAnQAyNc8_48_1280x720.hls/stream_1data000001.ts" />
      <file href="story_content/video_5wfAnQAyNc8_48_1280x720.hls/stream_1data000002.ts" />
      <file href="story_content/video_5wfAnQAyNc8_48_1280x720.hls/stream_1data000003.ts" />
      <file href="story_content/video_5wfAnQAyNc8_48_1280x720.hls/stream_1data000004.ts" />
      <file href="story_content/video_5wfAnQAyNc8_48_1280x720.hls/stream_2.m3u8" />
      <file href="story_content/video_5wfAnQAyNc8_48_1280x720.hls/stream_2data000000.ts" />
      <file href="story_content/video_5wfAnQAyNc8_48_1280x720.hls/stream_2data000001.ts" />
      <file href="story_content/video_5wfAnQAyNc8_48_1280x720.hls/stream_2data000002.ts" />
      <file href="story_content/video_5wfAnQAyNc8_48_1280x720.hls/stream_2data000003.ts" />
      <file href="story_content/video_5wfAnQAyNc8_48_1280x720.hls/stream_2data000004.ts" />
      <file href="story_content/video_5wfAnQAyNc8_48_1280x720.hls/stream_3.m3u8" />
      <file href="story_content/video_5wfAnQAyNc8_48_1280x720.hls/stream_3data000000.ts" />
      <file href="story_content/video_5wfAnQAyNc8_48_1280x720.hls/stream_3data000001.ts" />
      <file href="story_content/video_5wfAnQAyNc8_48_1280x720.hls/stream_3data000002.ts" />
      <file href="story_content/video_5wfAnQAyNc8_48_1280x720.hls/stream_3data000003.ts" />
      <file href="story_content/video_5wfAnQAyNc8_48_1280x720.hls/stream_3data000004.ts" />
      <file href="mobile/poster_5g5HCNKJRVj_main.jpg" />
      <file href="mobile/6iHoPWuM51Y.png" />
      <file href="story_content/video_5qteosvmppU_48_1280x720.hls/main.m3u8" />
      <file href="story_content/video_5qteosvmppU_48_1280x720.hls/stream_0.m3u8" />
      <file href="story_content/video_5qteosvmppU_48_1280x720.hls/stream_0data000000.ts" />
      <file href="story_content/video_5qteosvmppU_48_1280x720.hls/stream_0data000001.ts" />
      <file href="story_content/video_5qteosvmppU_48_1280x720.hls/stream_0data000002.ts" />
      <file href="story_content/video_5qteosvmppU_48_1280x720.hls/stream_0data000003.ts" />
      <file href="story_content/video_5qteosvmppU_48_1280x720.hls/stream_0data000004.ts" />
      <file href="story_content/video_5qteosvmppU_48_1280x720.hls/stream_1.m3u8" />
      <file href="story_content/video_5qteosvmppU_48_1280x720.hls/stream_1data000000.ts" />
      <file href="story_content/video_5qteosvmppU_48_1280x720.hls/stream_1data000001.ts" />
      <file href="story_content/video_5qteosvmppU_48_1280x720.hls/stream_1data000002.ts" />
      <file href="story_content/video_5qteosvmppU_48_1280x720.hls/stream_1data000003.ts" />
      <file href="story_content/video_5qteosvmppU_48_1280x720.hls/stream_2.m3u8" />
      <file href="story_content/video_5qteosvmppU_48_1280x720.hls/stream_2data000000.ts" />
      <file href="story_content/video_5qteosvmppU_48_1280x720.hls/stream_2data000001.ts" />
      <file href="story_content/video_5qteosvmppU_48_1280x720.hls/stream_2data000002.ts" />
      <file href="story_content/video_5qteosvmppU_48_1280x720.hls/stream_2data000003.ts" />
      <file href="story_content/video_5qteosvmppU_48_1280x720.hls/stream_3.m3u8" />
      <file href="story_content/video_5qteosvmppU_48_1280x720.hls/stream_3data000000.ts" />
      <file href="story_content/video_5qteosvmppU_48_1280x720.hls/stream_3data000001.ts" />
      <file href="story_content/video_5qteosvmppU_48_1280x720.hls/stream_3data000002.ts" />
      <file href="story_content/video_5qteosvmppU_48_1280x720.hls/stream_3data000003.ts" />
      <file href="mobile/5mPXxOoCJiJ_M_4096_4096.png" />
      <file href="meta.xml" />
      <file href="story_content/user.js" />
      <file href="html5/data/css/output.min.css" />
      <file href="html5/data/js/5bmTFjydKT0.js" />
      <file href="html5/data/js/5dGMFYi63mo.js" />
      <file href="html5/data/js/5vzxJXEy5V4.js" />
      <file href="html5/data/js/6A7QWHwxN63.js" />
      <file href="html5/data/js/6iYkuk2fv0d.js" />
      <file href="html5/data/js/6MSQfxK0CCx.js" />
      <file href="html5/data/js/6UjD9fknxFc.js" />
      <file href="html5/data/js/data.js" />
      <file href="html5/data/js/frame.js" />
      <file href="html5/data/js/paths.js" />
      <file href="html5/lib/hls/hls.min.js" />
      <file href="html5/lib/scripts/bootstrapper.min.js" />
      <file href="html5/lib/scripts/frame.desktop.min.js" />
      <file href="html5/lib/scripts/frame.mobile.min.js" />
      <file href="html5/lib/scripts/slides.min.js" />
      <file href="html5/lib/stylesheets/desktop.min.css" />
      <file href="html5/lib/stylesheets/mobile.min.css" />
      <file href="html5/lib/stylesheets/mobile-fonts/open-sans-bold.woff" />
      <file href="html5/lib/stylesheets/mobile-fonts/open-sans-light.woff" />
      <file href="html5/lib/stylesheets/mobile-fonts/open-sans-regular.woff" />
      <file href="analytics-frame.html" />
      <file href="story.html" />
      <file href="index_lms.html" />
      <file href="lms/AICCComm.html" />
      <file href="lms/blank.html" />
      <file href="lms/browsersniff.js" />
      <file href="lms/goodbye.html" />
      <file href="lms/scormdriver.js" />
    </resource>
  </resources>
</manifest>