﻿<?xml version="1.0" encoding="utf-8" standalone="no"?>
<manifest identifier="_6l4QNZ6B3Mu" version="1.3" xmlns="http://www.imsglobal.org/xsd/imscp_v1p1" xmlns:adlcp="http://www.adlnet.org/xsd/adlcp_v1p3" xmlns:adlseq="http://www.adlnet.org/xsd/adlseq_v1p3" xmlns:adlnav="http://www.adlnet.org/xsd/adlnav_v1p3" xmlns:imsss="http://www.imsglobal.org/xsd/imsss" xmlns:xsi="http://www.w3.org/2001/XMLSchema-instance" xmlns:lom="http://ltsc.ieee.org/xsd/LOM" xsi:schemaLocation="http://www.imsglobal.org/xsd/imscp_v1p1 imscp_v1p1.xsd
                              http://www.adlnet.org/xsd/adlcp_v1p3 adlcp_v1p3.xsd
                              http://www.adlnet.org/xsd/adlseq_v1p3 adlseq_v1p3.xsd
                              http://www.adlnet.org/xsd/adlnav_v1p3 adlnav_v1p3.xsd
							  http://www.imsglobal.org/xsd/imsss imsss_v1p0.xsd
							  http://ltsc.ieee.org/xsd/LOM lom.xsd">
  <metadata>
    <schema>ADL SCORM</schema>
    <schemaversion>2004 4th Edition</schemaversion>
    <adlcp:location>metadata.xml</adlcp:location>
  </metadata>
  <organizations default="Introducing_the_3_UDL_Principles_ORG">
    <organization identifier="Introducing_the_3_UDL_Principles_ORG" adlseq:objectivesGlobalToSystem="false">
      <title>Introducing the 3 UDL Principles</title>
      <item identifier="Introducing_the_3_UDL_Principles_SCO" identifierref="__6l4QNZ6B3Mu_RES" isvisible="true">
        <title>Introducing the 3 UDL Principles</title>
        <imsss:sequencing>
          <imsss:deliveryControls tracked="true" completionSetByContent="true" objectiveSetByContent="true" />
        </imsss:sequencing>
      </item>
      <metadata>
        <adlcp:location>metadata.xml</adlcp:location>
      </metadata>
      <imsss:sequencing>
        <imsss:controlMode choice="true" flow="true" />
      </imsss:sequencing>
    </organization>
  </organizations>
  <resources>
    <resource identifier="__6l4QNZ6B3Mu_RES" type="webcontent" adlcp:scormType="sco" href="index_lms.html">
      <file href="story_content/thumbnail.jpg" />
      <file href="story_content/video_677PypYripJ_64_460x604.hls/main.m3u8" />
      <file href="story_content/video_677PypYripJ_64_460x604.hls/stream_0.m3u8" />
      <file href="story_content/video_677PypYripJ_64_460x604.hls/stream_0data000000.ts" />
      <file href="story_content/video_677PypYripJ_64_460x604.hls/stream_0data000001.ts" />
      <file href="story_content/video_677PypYripJ_64_460x604.hls/stream_0data000002.ts" />
      <file href="story_content/video_677PypYripJ_64_460x604.hls/stream_0data000003.ts" />
      <file href="story_content/video_677PypYripJ_64_460x604.hls/stream_0data000004.ts" />
      <file href="story_content/video_677PypYripJ_64_460x604.hls/stream_0data000005.ts" />
      <file href="story_content/video_677PypYripJ_64_460x604.hls/stream_0data000006.ts" />
      <file href="story_content/video_677PypYripJ_64_460x604.hls/stream_0data000007.ts" />
      <file href="story_content/video_677PypYripJ_64_460x604.hls/stream_1.m3u8" />
      <file href="story_content/video_677PypYripJ_64_460x604.hls/stream_1data000000.ts" />
      <file href="story_content/video_677PypYripJ_64_460x604.hls/stream_1data000001.ts" />
      <file href="story_content/video_677PypYripJ_64_460x604.hls/stream_1data000002.ts" />
      <file href="story_content/video_677PypYripJ_64_460x604.hls/stream_1data000003.ts" />
      <file href="story_content/video_677PypYripJ_64_460x604.hls/stream_1data000004.ts" />
      <file href="story_content/video_677PypYripJ_64_460x604.hls/stream_1data000005.ts" />
      <file href="story_content/video_677PypYripJ_64_460x604.hls/stream_1data000006.ts" />
      <file href="story_content/video_677PypYripJ_64_460x604.hls/stream_2.m3u8" />
      <file href="story_content/video_677PypYripJ_64_460x604.hls/stream_2data000000.ts" />
      <file href="story_content/video_677PypYripJ_64_460x604.hls/stream_2data000001.ts" />
      <file href="story_content/video_677PypYripJ_64_460x604.hls/stream_2data000002.ts" />
      <file href="story_content/video_677PypYripJ_64_460x604.hls/stream_2data000003.ts" />
      <file href="story_content/video_677PypYripJ_64_460x604.hls/stream_2data000004.ts" />
      <file href="story_content/video_677PypYripJ_64_460x604.hls/stream_2data000005.ts" />
      <file href="story_content/video_677PypYripJ_64_460x604.hls/stream_2data000006.ts" />
      <file href="story_content/video_677PypYripJ_64_460x604.hls/stream_3.m3u8" />
      <file href="story_content/video_677PypYripJ_64_460x604.hls/stream_3data000000.ts" />
      <file href="story_content/video_677PypYripJ_64_460x604.hls/stream_3data000001.ts" />
      <file href="story_content/video_677PypYripJ_64_460x604.hls/stream_3data000002.ts" />
      <file href="story_content/video_677PypYripJ_64_460x604.hls/stream_3data000003.ts" />
      <file href="story_content/video_677PypYripJ_64_460x604.hls/stream_3data000004.ts" />
      <file href="story_content/video_677PypYripJ_64_460x604.hls/stream_3data000005.ts" />
      <file href="story_content/video_677PypYripJ_64_460x604.hls/stream_3data000006.ts" />
      <file href="mobile/poster_63tJDGhoN8P_main.jpg" />
      <file href="mobile/6FojBTD0FQQ.png" />
      <file href="mobile/6UiI1xex9fk.png" />
      <file href="story_content/5iBHpoia6xT_44100_64_0.mp3" />
      <file href="story_content/6WwgSCHNFzQ_captions.js" />
      <file href="story_content/5xzyez0cjEk_44100_64_0.mp3" />
      <file href="story_content/5w15VeKMa51_captions.js" />
      <file href="mobile/5Zonetp17dc.png" />
      <file href="mobile/6pVyfDFvyPO.png" />
      <file href="mobile/5kISphlynRE.png" />
      <file href="story_content/6Q1evBfJlO9_44100_64_0.mp3" />
      <file href="story_content/6MVa7rFwvSL_captions.js" />
      <file href="mobile/5vlggRK05ij.png" />
      <file href="mobile/6fJpAey6QOx.png" />
      <file href="story_content/5lgGHLa8gNO_44100_64_0.mp3" />
      <file href="story_content/6SUbwHvnPnb_captions.js" />
      <file href="mobile/5nVmsbtOClO.png" />
      <file href="story_content/6MHG0KCJPMF_44100_64_0.mp3" />
      <file href="story_content/6YeONx9I8ur_captions.js" />
      <file href="mobile/6avdLLwBihI.png" />
      <file href="mobile/6V1kIoexK6o.png" />
      <file href="mobile/6rWZDjBDZhe.png" />
      <file href="story_content/6aYALR6uTKX_44100_64_0.mp3" />
      <file href="story_content/5WU8r8fx7T7_captions.js" />
      <file href="mobile/5nNmnUnEeDC_X.png" />
      <file href="story_content/6q3gwIGnRT0_44100_64_0.mp3" />
      <file href="story_content/6M7IDZESbSF_captions.js" />
      <file href="mobile/6WdcdbEwd0Y.png" />
      <file href="mobile/5qW6lNtj7Kn.png" />
      <file href="mobile/63Mru9vP6qU.png" />
      <file href="story_content/6RMgCMZeYQB_44100_64_0.mp3" />
      <file href="story_content/5WiLFa2Vahe_captions.js" />
      <file href="mobile/5zrTF2pTc7X.png" />
      <file href="story_content/5fSSSGherhv_44100_64_0.mp3" />
      <file href="story_content/6DM50MwRPTb_captions.js" />
      <file href="mobile/6KYl3v0Dz22.png" />
      <file href="mobile/5ia8KCjQDB7.png" />
      <file href="mobile/6D7N7GbcJEV.png" />
      <file href="mobile/6Rjw3h7Om78.png" />
      <file href="story_content/6M1JUONZFBP_44100_64_0.mp3" />
      <file href="story_content/5gNOSrINbgs_captions.js" />
      <file href="story_content/6FRYSNirH3i_44100_64_0.mp3" />
      <file href="story_content/5nLWzuRw5SU_captions.js" />
      <file href="mobile/6W796Vry9Iu.png" />
      <file href="mobile/5aYZmvZGUug.png" />
      <file href="mobile/5spw4fWd73X.png" />
      <file href="mobile/6Wnji3zvirN.png" />
      <file href="story_content/6QohuPzwRBm_44100_64_0.mp3" />
      <file href="story_content/64rnczl2Ld6_captions.js" />
      <file href="meta.xml" />
      <file href="story_content/url.png" />
      <file href="story_content/triggers.js" />
      <file href="story_content/user.js" />
      <file href="mobile/txt__default_6I6kLBec260.png" />
      <file href="mobile/txt__default_5hQfjsy4FJc.png" />
      <file href="mobile/txt__default_6KNXBlNpjVn.png" />
      <file href="mobile/txt__default_6dQFp1GIwF5.png" />
      <file href="mobile/txt__default_5nKAx7IeNot.png" />
      <file href="mobile/txt__default_60R9XazRvPI.png" />
      <file href="mobile/txt__default_5r420pVSlNk.png" />
      <file href="mobile/txt__default_5tZa8OkPWCT.png" />
      <file href="mobile/txt__default_6evKdrsE891.png" />
      <file href="mobile/txt__default_6rKV3nwm9Cz.png" />
      <file href="mobile/txt__default_5n8qxqX64bi.png" />
      <file href="mobile/txt__default_681uBKg1WOy.png" />
      <file href="mobile/txt__default_6RBVnPgT3Zp.png" />
      <file href="mobile/txt__default_61F5zVqAqBD.png" />
      <file href="mobile/Shape5jzQW6aUHQC.png" />
      <file href="html5/data/css/output.min.css" />
      <file href="html5/data/js/5f1jdPejUom.js" />
      <file href="html5/data/js/5k4xjp3rnk5.js" />
      <file href="html5/data/js/5s6Lv8bbO5l.js" />
      <file href="html5/data/js/5sP30O8dUdB.js" />
      <file href="html5/data/js/5vc5ixFGPHC.js" />
      <file href="html5/data/js/5xO6wzwu0A4.js" />
      <file href="html5/data/js/67OvdJsXxwJ.js" />
      <file href="html5/data/js/698NOAOX73k.js" />
      <file href="html5/data/js/6CEkwq8HRj7.js" />
      <file href="html5/data/js/6cMmBrjy9Px.js" />
      <file href="html5/data/js/6dUzDBDciqM.js" />
      <file href="html5/data/js/6JBA5SvLUMV.js" />
      <file href="html5/data/js/6JNEyCSAiLe.js" />
      <file href="html5/data/js/6krIOVzHEZj.js" />
      <file href="html5/data/js/6kXulCDHBcG.js" />
      <file href="html5/data/js/6L1lK8pjxB1.js" />
      <file href="html5/data/js/6MyovxjSe9e.js" />
      <file href="html5/data/js/data.js" />
      <file href="html5/data/js/frame.js" />
      <file href="html5/data/js/paths.js" />
      <file href="html5/lib/hls/hls.min.js" />
      <file href="html5/lib/scripts/bootstrapper.min.js" />
      <file href="html5/lib/scripts/frame.desktop.min.js" />
      <file href="html5/lib/scripts/frame.mobile.min.js" />
      <file href="html5/lib/scripts/slides.min.js" />
      <file href="html5/lib/stylesheets/desktop.min.css" />
      <file href="html5/lib/stylesheets/mobile.min.css" />
      <file href="html5/lib/stylesheets/mobile-fonts/open-sans-bold.woff" />
      <file href="html5/lib/stylesheets/mobile-fonts/open-sans-light.woff" />
      <file href="html5/lib/stylesheets/mobile-fonts/open-sans-regular.woff" />
      <file href="analytics-frame.html" />
      <file href="story.html" />
      <file href="index_lms.html" />
      <file href="lms/AICCComm.html" />
      <file href="lms/blank.html" />
      <file href="lms/browsersniff.js" />
      <file href="lms/goodbye.html" />
      <file href="lms/scormdriver.js" />
    </resource>
  </resources>
</manifest>