﻿<?xml version="1.0" encoding="utf-8" standalone="no"?>
<manifest identifier="_5eIzymBpaSd" version="1.3" xmlns="http://www.imsglobal.org/xsd/imscp_v1p1" xmlns:adlcp="http://www.adlnet.org/xsd/adlcp_v1p3" xmlns:adlseq="http://www.adlnet.org/xsd/adlseq_v1p3" xmlns:adlnav="http://www.adlnet.org/xsd/adlnav_v1p3" xmlns:imsss="http://www.imsglobal.org/xsd/imsss" xmlns:xsi="http://www.w3.org/2001/XMLSchema-instance" xmlns:lom="http://ltsc.ieee.org/xsd/LOM" xsi:schemaLocation="http://www.imsglobal.org/xsd/imscp_v1p1 imscp_v1p1.xsd
                              http://www.adlnet.org/xsd/adlcp_v1p3 adlcp_v1p3.xsd
                              http://www.adlnet.org/xsd/adlseq_v1p3 adlseq_v1p3.xsd
                              http://www.adlnet.org/xsd/adlnav_v1p3 adlnav_v1p3.xsd
							  http://www.imsglobal.org/xsd/imsss imsss_v1p0.xsd
							  http://ltsc.ieee.org/xsd/LOM lom.xsd">
  <metadata>
    <schema>ADL SCORM</schema>
    <schemaversion>2004 4th Edition</schemaversion>
    <adlcp:location>metadata.xml</adlcp:location>
  </metadata>
  <organizations default="Adapting_In-Person_to_Online_Classrooms_ORG">
    <organization identifier="Adapting_In-Person_to_Online_Classrooms_ORG" adlseq:objectivesGlobalToSystem="false">
      <title>Adapting In-Person to Online Classrooms</title>
      <item identifier="Adapting_in_person_to_online_classrooms_SCO" identifierref="__5eIzymBpaSd_RES" isvisible="true">
        <title>Adapting In-Person to Online Classrooms</title>
        <imsss:sequencing>
          <imsss:deliveryControls tracked="true" completionSetByContent="true" objectiveSetByContent="true" />
        </imsss:sequencing>
      </item>
      <metadata>
        <adlcp:location>metadata.xml</adlcp:location>
      </metadata>
      <imsss:sequencing>
        <imsss:controlMode choice="true" flow="true" />
      </imsss:sequencing>
    </organization>
  </organizations>
  <resources>
    <resource identifier="__5eIzymBpaSd_RES" type="webcontent" adlcp:scormType="sco" href="index_lms.html">
      <file href="story_content/thumbnail.jpg" />
      <file href="story_content/video_677PypYripJ_64_460x604.hls/main.m3u8" />
      <file href="story_content/video_677PypYripJ_64_460x604.hls/stream_0.m3u8" />
      <file href="story_content/video_677PypYripJ_64_460x604.hls/stream_0data000000.ts" />
      <file href="story_content/video_677PypYripJ_64_460x604.hls/stream_0data000001.ts" />
      <file href="story_content/video_677PypYripJ_64_460x604.hls/stream_0data000002.ts" />
      <file href="story_content/video_677PypYripJ_64_460x604.hls/stream_0data000003.ts" />
      <file href="story_content/video_677PypYripJ_64_460x604.hls/stream_0data000004.ts" />
      <file href="story_content/video_677PypYripJ_64_460x604.hls/stream_0data000005.ts" />
      <file href="story_content/video_677PypYripJ_64_460x604.hls/stream_0data000006.ts" />
      <file href="story_content/video_677PypYripJ_64_460x604.hls/stream_0data000007.ts" />
      <file href="story_content/video_677PypYripJ_64_460x604.hls/stream_1.m3u8" />
      <file href="story_content/video_677PypYripJ_64_460x604.hls/stream_1data000000.ts" />
      <file href="story_content/video_677PypYripJ_64_460x604.hls/stream_1data000001.ts" />
      <file href="story_content/video_677PypYripJ_64_460x604.hls/stream_1data000002.ts" />
      <file href="story_content/video_677PypYripJ_64_460x604.hls/stream_1data000003.ts" />
      <file href="story_content/video_677PypYripJ_64_460x604.hls/stream_1data000004.ts" />
      <file href="story_content/video_677PypYripJ_64_460x604.hls/stream_1data000005.ts" />
      <file href="story_content/video_677PypYripJ_64_460x604.hls/stream_1data000006.ts" />
      <file href="story_content/video_677PypYripJ_64_460x604.hls/stream_2.m3u8" />
      <file href="story_content/video_677PypYripJ_64_460x604.hls/stream_2data000000.ts" />
      <file href="story_content/video_677PypYripJ_64_460x604.hls/stream_2data000001.ts" />
      <file href="story_content/video_677PypYripJ_64_460x604.hls/stream_2data000002.ts" />
      <file href="story_content/video_677PypYripJ_64_460x604.hls/stream_2data000003.ts" />
      <file href="story_content/video_677PypYripJ_64_460x604.hls/stream_2data000004.ts" />
      <file href="story_content/video_677PypYripJ_64_460x604.hls/stream_2data000005.ts" />
      <file href="story_content/video_677PypYripJ_64_460x604.hls/stream_2data000006.ts" />
      <file href="story_content/video_677PypYripJ_64_460x604.hls/stream_3.m3u8" />
      <file href="story_content/video_677PypYripJ_64_460x604.hls/stream_3data000000.ts" />
      <file href="story_content/video_677PypYripJ_64_460x604.hls/stream_3data000001.ts" />
      <file href="story_content/video_677PypYripJ_64_460x604.hls/stream_3data000002.ts" />
      <file href="story_content/video_677PypYripJ_64_460x604.hls/stream_3data000003.ts" />
      <file href="story_content/video_677PypYripJ_64_460x604.hls/stream_3data000004.ts" />
      <file href="story_content/video_677PypYripJ_64_460x604.hls/stream_3data000005.ts" />
      <file href="story_content/video_677PypYripJ_64_460x604.hls/stream_3data000006.ts" />
      <file href="mobile/poster_6oQMbnFQIIZ_main.jpg" />
      <file href="mobile/5jj2XSBe11l.png" />
      <file href="mobile/5VIzlfivqFi.png" />
      <file href="story_content/5pjvFo6QO2l_44100_64_0.mp3" />
      <file href="story_content/6TVhXoFHj7O_captions.js" />
      <file href="story_content/5z7dAqCgaS6_44100_64_0.mp3" />
      <file href="story_content/6eV2CQptAxQ_captions.js" />
      <file href="mobile/6GCWxQ5oLsz.png" />
      <file href="mobile/5trzpTWrRdw.png" />
      <file href="mobile/5fFh81BhV5U.png" />
      <file href="mobile/6lFkhjEwRvP.png" />
      <file href="mobile/6p9eOWMuACu.png" />
      <file href="story_content/6VWRJ7iqVBR_44100_64_0.mp3" />
      <file href="story_content/5x97yT6e1FN_captions.js" />
      <file href="mobile/5v7RJ9ixu3s.png" />
      <file href="mobile/5nrRXeoc4Uf.png" />
      <file href="story_content/60T0MY3UgJH_44100_64_0.mp3" />
      <file href="story_content/5zWDh5UMiNk_captions.js" />
      <file href="mobile/5ZC2indyd9T.png" />
      <file href="mobile/67vsEUkGVTN.png" />
      <file href="mobile/6hvRiJziFwv.png" />
      <file href="story_content/65OUVgJSCuK_44100_64_0.mp3" />
      <file href="story_content/6eoLyNVLMpo_captions.js" />
      <file href="mobile/5WyK6URaL6t.png" />
      <file href="story_content/5qSuguX3uft_44100_64_0.mp3" />
      <file href="story_content/6CV6IuujiQq_captions.js" />
      <file href="mobile/6p8R8ckJg4C.png" />
      <file href="mobile/6eFUty7hvR9.png" />
      <file href="mobile/5ihjTShhjYV.png" />
      <file href="mobile/61fS0LPeRhN.png" />
      <file href="story_content/6TPmpV5b8FX_44100_64_0.mp3" />
      <file href="story_content/68Y1VQxJ6Zo_captions.js" />
      <file href="mobile/67x88A13IL7.png" />
      <file href="mobile/5bPgOu5rciB.png" />
      <file href="mobile/6dyZXmVKEWQ.png" />
      <file href="mobile/6FJImGwQsAU.png" />
      <file href="story_content/5vfU1dxRTyN_44100_64_0.mp3" />
      <file href="story_content/5zN2uVfbjN0_captions.js" />
      <file href="mobile/6fyOAV1Qyi0.png" />
      <file href="mobile/6r5dyHTq9cL.png" />
      <file href="mobile/6MEWuhlC8X0.png" />
      <file href="mobile/5zotsRNpCA5.png" />
      <file href="mobile/5tHmPezTEtR.png" />
      <file href="mobile/5f44E01dkjI.png" />
      <file href="mobile/6lRTz9FHM68.png" />
      <file href="story_content/5jomRbTkw1N_44100_64_0.mp3" />
      <file href="story_content/6cPkxtc9hE5_captions.js" />
      <file href="story_content/69YbWnLri7O_44100_64_0.mp3" />
      <file href="story_content/5tiflYkZB5O_captions.js" />
      <file href="mobile/6W796Vry9Iu.png" />
      <file href="mobile/5aYZmvZGUug.png" />
      <file href="mobile/5spw4fWd73X.png" />
      <file href="mobile/6Wnji3zvirN.png" />
      <file href="story_content/6QohuPzwRBm_44100_64_0.mp3" />
      <file href="story_content/6kycJjRmbbx_captions.js" />
      <file href="meta.xml" />
      <file href="story_content/triggers.js" />
      <file href="story_content/user.js" />
      <file href="mobile/txt__default_5UpCGmsIdCR.png" />
      <file href="mobile/txt__default_620HHfVMgtn.png" />
      <file href="mobile/Shape6I8alMkmC0C.png" />
      <file href="html5/data/css/output.min.css" />
      <file href="html5/data/js/5bwxLoviIBC.js" />
      <file href="html5/data/js/5cmvQrqC6Dk.js" />
      <file href="html5/data/js/5iAXRqj1BAy.js" />
      <file href="html5/data/js/5pNUSWj3Qd8.js" />
      <file href="html5/data/js/5qRqI1KZRCW.js" />
      <file href="html5/data/js/5rBT2Jsh1c7.js" />
      <file href="html5/data/js/5xslZMEnlE9.js" />
      <file href="html5/data/js/6aKMNP7Zsws.js" />
      <file href="html5/data/js/6cTWD6XzyYA.js" />
      <file href="html5/data/js/6DS4j7rwoQI.js" />
      <file href="html5/data/js/6DTGW1ACnfo.js" />
      <file href="html5/data/js/6J7ytdOTkTg.js" />
      <file href="html5/data/js/6UrWL9r3aOY.js" />
      <file href="html5/data/js/6WFHRClQ1KY.js" />
      <file href="html5/data/js/6XequIIvvXM.js" />
      <file href="html5/data/js/6XR9q59dv26.js" />
      <file href="html5/data/js/data.js" />
      <file href="html5/data/js/frame.js" />
      <file href="html5/data/js/paths.js" />
      <file href="html5/lib/hls/hls.min.js" />
      <file href="html5/lib/scripts/bootstrapper.min.js" />
      <file href="html5/lib/scripts/frame.desktop.min.js" />
      <file href="html5/lib/scripts/frame.mobile.min.js" />
      <file href="html5/lib/scripts/slides.min.js" />
      <file href="html5/lib/stylesheets/desktop.min.css" />
      <file href="html5/lib/stylesheets/mobile.min.css" />
      <file href="html5/lib/stylesheets/mobile-fonts/open-sans-bold.woff" />
      <file href="html5/lib/stylesheets/mobile-fonts/open-sans-light.woff" />
      <file href="html5/lib/stylesheets/mobile-fonts/open-sans-regular.woff" />
      <file href="analytics-frame.html" />
      <file href="story.html" />
      <file href="index_lms.html" />
      <file href="lms/AICCComm.html" />
      <file href="lms/blank.html" />
      <file href="lms/browsersniff.js" />
      <file href="lms/goodbye.html" />
      <file href="lms/scormdriver.js" />
    </resource>
  </resources>
</manifest>