﻿<?xml version="1.0" encoding="utf-8" standalone="no"?>
<manifest identifier="_6d04kxCOi9A" version="1.3" xmlns="http://www.imsglobal.org/xsd/imscp_v1p1" xmlns:adlcp="http://www.adlnet.org/xsd/adlcp_v1p3" xmlns:adlseq="http://www.adlnet.org/xsd/adlseq_v1p3" xmlns:adlnav="http://www.adlnet.org/xsd/adlnav_v1p3" xmlns:imsss="http://www.imsglobal.org/xsd/imsss" xmlns:xsi="http://www.w3.org/2001/XMLSchema-instance" xmlns:lom="http://ltsc.ieee.org/xsd/LOM" xsi:schemaLocation="http://www.imsglobal.org/xsd/imscp_v1p1 imscp_v1p1.xsd
                              http://www.adlnet.org/xsd/adlcp_v1p3 adlcp_v1p3.xsd
                              http://www.adlnet.org/xsd/adlseq_v1p3 adlseq_v1p3.xsd
                              http://www.adlnet.org/xsd/adlnav_v1p3 adlnav_v1p3.xsd
							  http://www.imsglobal.org/xsd/imsss imsss_v1p0.xsd
							  http://ltsc.ieee.org/xsd/LOM lom.xsd">
  <metadata>
    <schema>ADL SCORM</schema>
    <schemaversion>2004 4th Edition</schemaversion>
    <adlcp:location>metadata.xml</adlcp:location>
  </metadata>
  <organizations default="Accessibility:_Scenario_Assignment_ORG">
    <organization identifier="Accessibility:_Scenario_Assignment_ORG" adlseq:objectivesGlobalToSystem="false">
      <title>Accessibility: Scenario Assignment</title>
      <item identifier="Online_Assessments:_Scenario_Assignment_SCO" identifierref="__6d04kxCOi9A_RES" isvisible="true">
        <title>Accessibility: Scenario Assignment</title>
      </item>
      <metadata>
        <adlcp:location>metadata.xml</adlcp:location>
      </metadata>
      <imsss:sequencing>
        <imsss:controlMode choice="true" flow="true" />
      </imsss:sequencing>
    </organization>
  </organizations>
  <resources>
    <resource identifier="__6d04kxCOi9A_RES" type="webcontent" adlcp:scormType="sco" href="index_lms.html">
      <file href="story_content/thumbnail.jpg" />
      <file href="mobile/5eYho79O9me.png" />
      <file href="mobile/6QZcVInCv2b_M_4096_4096.png" />
      <file href="mobile/6iHoPWuM51Y.png" />
      <file href="mobile/5xKz8rpSBLw.png" />
      <file href="mobile/65AvbjQ64Bn.png" />
      <file href="mobile/6p6Elm3sSB4.png" />
      <file href="mobile/6Gb1lhYgH3S.png" />
      <file href="mobile/6Ghd2RPsssW_M_4096_4096.png" />
      <file href="meta.xml" />
      <file href="story_content/triggers.js" />
      <file href="story_content/user.js" />
      <file href="html5/data/css/output.min.css" />
      <file href="html5/data/js/5bmTFjydKT0.js" />
      <file href="html5/data/js/5dGMFYi63mo.js" />
      <file href="html5/data/js/5wHlJb9NMtL.js" />
      <file href="html5/data/js/6594zkl12d7.js" />
      <file href="html5/data/js/6A7QWHwxN63.js" />
      <file href="html5/data/js/6DYZ0tY7hB3.js" />
      <file href="html5/data/js/6jVPnUOtAT8.js" />
      <file href="html5/data/js/6MSQfxK0CCx.js" />
      <file href="html5/data/js/data.js" />
      <file href="html5/data/js/frame.js" />
      <file href="html5/data/js/paths.js" />
      <file href="html5/lib/scripts/bootstrapper.min.js" />
      <file href="html5/lib/scripts/frame.desktop.min.js" />
      <file href="html5/lib/scripts/frame.mobile.min.js" />
      <file href="html5/lib/scripts/slides.min.js" />
      <file href="html5/lib/stylesheets/desktop.min.css" />
      <file href="html5/lib/stylesheets/mobile.min.css" />
      <file href="html5/lib/stylesheets/mobile-fonts/open-sans-bold.woff" />
      <file href="html5/lib/stylesheets/mobile-fonts/open-sans-light.woff" />
      <file href="html5/lib/stylesheets/mobile-fonts/open-sans-regular.woff" />
      <file href="analytics-frame.html" />
      <file href="story.html" />
      <file href="index_lms.html" />
      <file href="lms/AICCComm.html" />
      <file href="lms/blank.html" />
      <file href="lms/browsersniff.js" />
      <file href="lms/goodbye.html" />
      <file href="lms/scormdriver.js" />
    </resource>
  </resources>
</manifest>