﻿<?xml version="1.0" encoding="utf-8" standalone="no"?>
<manifest identifier="_5r1c8IZhXrN" version="1.3" xmlns="http://www.imsglobal.org/xsd/imscp_v1p1" xmlns:adlcp="http://www.adlnet.org/xsd/adlcp_v1p3" xmlns:adlseq="http://www.adlnet.org/xsd/adlseq_v1p3" xmlns:adlnav="http://www.adlnet.org/xsd/adlnav_v1p3" xmlns:imsss="http://www.imsglobal.org/xsd/imsss" xmlns:xsi="http://www.w3.org/2001/XMLSchema-instance" xmlns:lom="http://ltsc.ieee.org/xsd/LOM" xsi:schemaLocation="http://www.imsglobal.org/xsd/imscp_v1p1 imscp_v1p1.xsd
                              http://www.adlnet.org/xsd/adlcp_v1p3 adlcp_v1p3.xsd
                              http://www.adlnet.org/xsd/adlseq_v1p3 adlseq_v1p3.xsd
                              http://www.adlnet.org/xsd/adlnav_v1p3 adlnav_v1p3.xsd
							  http://www.imsglobal.org/xsd/imsss imsss_v1p0.xsd
							  http://ltsc.ieee.org/xsd/LOM lom.xsd">
  <metadata>
    <schema>ADL SCORM</schema>
    <schemaversion>2004 4th Edition</schemaversion>
    <adlcp:location>metadata.xml</adlcp:location>
  </metadata>
  <organizations default="Building_Accessible_Classrooms_ORG">
    <organization identifier="Building_Accessible_Classrooms_ORG" adlseq:objectivesGlobalToSystem="false">
      <title>Building Accessible Classrooms</title>
      <item identifier="Building_Accessible_Classrooms_SCO" identifierref="__5r1c8IZhXrN_RES" isvisible="true">
        <title>Building Accessible Classrooms</title>
        <imsss:sequencing>
          <imsss:deliveryControls tracked="true" completionSetByContent="true" objectiveSetByContent="true" />
        </imsss:sequencing>
      </item>
      <metadata>
        <adlcp:location>metadata.xml</adlcp:location>
      </metadata>
      <imsss:sequencing>
        <imsss:controlMode choice="true" flow="true" />
      </imsss:sequencing>
    </organization>
  </organizations>
  <resources>
    <resource identifier="__5r1c8IZhXrN_RES" type="webcontent" adlcp:scormType="sco" href="index_lms.html">
      <file href="story_content/thumbnail.jpg" />
      <file href="story_content/video_677PypYripJ_64_460x604.hls/main.m3u8" />
      <file href="story_content/video_677PypYripJ_64_460x604.hls/stream_0.m3u8" />
      <file href="story_content/video_677PypYripJ_64_460x604.hls/stream_0data000000.ts" />
      <file href="story_content/video_677PypYripJ_64_460x604.hls/stream_0data000001.ts" />
      <file href="story_content/video_677PypYripJ_64_460x604.hls/stream_0data000002.ts" />
      <file href="story_content/video_677PypYripJ_64_460x604.hls/stream_0data000003.ts" />
      <file href="story_content/video_677PypYripJ_64_460x604.hls/stream_0data000004.ts" />
      <file href="story_content/video_677PypYripJ_64_460x604.hls/stream_0data000005.ts" />
      <file href="story_content/video_677PypYripJ_64_460x604.hls/stream_0data000006.ts" />
      <file href="story_content/video_677PypYripJ_64_460x604.hls/stream_0data000007.ts" />
      <file href="story_content/video_677PypYripJ_64_460x604.hls/stream_1.m3u8" />
      <file href="story_content/video_677PypYripJ_64_460x604.hls/stream_1data000000.ts" />
      <file href="story_content/video_677PypYripJ_64_460x604.hls/stream_1data000001.ts" />
      <file href="story_content/video_677PypYripJ_64_460x604.hls/stream_1data000002.ts" />
      <file href="story_content/video_677PypYripJ_64_460x604.hls/stream_1data000003.ts" />
      <file href="story_content/video_677PypYripJ_64_460x604.hls/stream_1data000004.ts" />
      <file href="story_content/video_677PypYripJ_64_460x604.hls/stream_1data000005.ts" />
      <file href="story_content/video_677PypYripJ_64_460x604.hls/stream_1data000006.ts" />
      <file href="story_content/video_677PypYripJ_64_460x604.hls/stream_2.m3u8" />
      <file href="story_content/video_677PypYripJ_64_460x604.hls/stream_2data000000.ts" />
      <file href="story_content/video_677PypYripJ_64_460x604.hls/stream_2data000001.ts" />
      <file href="story_content/video_677PypYripJ_64_460x604.hls/stream_2data000002.ts" />
      <file href="story_content/video_677PypYripJ_64_460x604.hls/stream_2data000003.ts" />
      <file href="story_content/video_677PypYripJ_64_460x604.hls/stream_2data000004.ts" />
      <file href="story_content/video_677PypYripJ_64_460x604.hls/stream_2data000005.ts" />
      <file href="story_content/video_677PypYripJ_64_460x604.hls/stream_2data000006.ts" />
      <file href="story_content/video_677PypYripJ_64_460x604.hls/stream_3.m3u8" />
      <file href="story_content/video_677PypYripJ_64_460x604.hls/stream_3data000000.ts" />
      <file href="story_content/video_677PypYripJ_64_460x604.hls/stream_3data000001.ts" />
      <file href="story_content/video_677PypYripJ_64_460x604.hls/stream_3data000002.ts" />
      <file href="story_content/video_677PypYripJ_64_460x604.hls/stream_3data000003.ts" />
      <file href="story_content/video_677PypYripJ_64_460x604.hls/stream_3data000004.ts" />
      <file href="story_content/video_677PypYripJ_64_460x604.hls/stream_3data000005.ts" />
      <file href="story_content/video_677PypYripJ_64_460x604.hls/stream_3data000006.ts" />
      <file href="mobile/poster_5asRcI8YXVU_main.jpg" />
      <file href="mobile/6la5SaiGa26.png" />
      <file href="mobile/5gXhEIenhZK.png" />
      <file href="story_content/6EizSflvzos_44100_64_0.mp3" />
      <file href="story_content/5mexvMRfc4K_captions.js" />
      <file href="story_content/5bKsQkNs7SS_44100_64_0.mp3" />
      <file href="story_content/6eCSeV9nCmM_captions.js" />
      <file href="mobile/62xPIj9xqAl.png" />
      <file href="mobile/6iKKGt9Mdwg.png" />
      <file href="mobile/5jOSCnndrFZ.png" />
      <file href="story_content/6qUFG0V2BDe_44100_64_0.mp3" />
      <file href="story_content/6JJ3DpHZBTl_captions.js" />
      <file href="mobile/67FaDJGrYYh.png" />
      <file href="mobile/6WkOTFarrNv.png" />
      <file href="mobile/5Y9CSRkyFZx.png" />
      <file href="mobile/5oMUpIiE3L9.png" />
      <file href="mobile/5iBuuUIHVEu.png" />
      <file href="story_content/6Zbcb36Mw5J_44100_64_0.mp3" />
      <file href="story_content/6SVZ9v30cpu_captions.js" />
      <file href="mobile/6LO24GZGPct.png" />
      <file href="mobile/5wAAIjMZEkk.png" />
      <file href="mobile/5fezdgY1VR0.png" />
      <file href="story_content/6jcIq3AyzHU_44100_64_0.mp3" />
      <file href="story_content/5fdhpgw9EXe_captions.js" />
      <file href="mobile/5cjddDV3oHf.png" />
      <file href="story_content/5cZBsWSSV7B_44100_64_0.mp3" />
      <file href="story_content/6S1UdEyZrcL_captions.js" />
      <file href="mobile/634D4Bb5YJH.png" />
      <file href="mobile/68LTS2IMWHU.png" />
      <file href="mobile/5dTes5TdkWw.png" />
      <file href="mobile/6XfGJsQ0ubl.png" />
      <file href="mobile/6RfEnrKXDu8.png" />
      <file href="story_content/5ZSNT3QN8Nj_44100_64_0.mp3" />
      <file href="story_content/5Zs7FZ4CnB3_captions.js" />
      <file href="mobile/6bKPkcKm3AP.png" />
      <file href="mobile/6AH1ZSShxGE.png" />
      <file href="mobile/5j89l7jHFu9.png" />
      <file href="mobile/60JaRYbQOX0.png" />
      <file href="story_content/5aV5hTvpnNc_44100_64_0.mp3" />
      <file href="story_content/5VFO2DFzZgN_captions.js" />
      <file href="mobile/5qguvXFFA4S.png" />
      <file href="mobile/5mhA4TPG6rA.png" />
      <file href="mobile/5nvYXLLqudu.png" />
      <file href="mobile/6osdSCGg0bk.png" />
      <file href="story_content/6p7TVS8R4zv_44100_64_0.mp3" />
      <file href="story_content/5WPxMdOVBei_captions.js" />
      <file href="story_content/5nt7H5gmhdv_44100_64_0.mp3" />
      <file href="story_content/6OGezL6kGpq_captions.js" />
      <file href="mobile/6W796Vry9Iu.png" />
      <file href="mobile/5aYZmvZGUug.png" />
      <file href="mobile/5spw4fWd73X.png" />
      <file href="mobile/6Wnji3zvirN.png" />
      <file href="story_content/6QohuPzwRBm_44100_64_0.mp3" />
      <file href="story_content/6Aezr8s4Cwc_captions.js" />
      <file href="meta.xml" />
      <file href="story_content/triggers.js" />
      <file href="story_content/user.js" />
      <file href="mobile/txt__default_5gUfjPcIwL5.png" />
      <file href="mobile/txt__default_5frppagPTfp.png" />
      <file href="mobile/Shape6PiX81VEnLE.png" />
      <file href="html5/data/css/output.min.css" />
      <file href="html5/data/js/5pwi0pCMnsW.js" />
      <file href="html5/data/js/5rXiRzIkb0m.js" />
      <file href="html5/data/js/5xVgNeeN0va.js" />
      <file href="html5/data/js/5y2jmBhGhD4.js" />
      <file href="html5/data/js/63LJykHBNgH.js" />
      <file href="html5/data/js/64Vu2frKZH5.js" />
      <file href="html5/data/js/65jxF3gbyU0.js" />
      <file href="html5/data/js/66ind35ZiJ7.js" />
      <file href="html5/data/js/696hw7azzpz.js" />
      <file href="html5/data/js/6dma2j3DWDk.js" />
      <file href="html5/data/js/6F7X1lxpdvb.js" />
      <file href="html5/data/js/6fun0Z0qJy3.js" />
      <file href="html5/data/js/6GgXqR6ta2O.js" />
      <file href="html5/data/js/6nDVaBY4v7G.js" />
      <file href="html5/data/js/6RfJD5ObY4k.js" />
      <file href="html5/data/js/6X07HpMzdDv.js" />
      <file href="html5/data/js/data.js" />
      <file href="html5/data/js/frame.js" />
      <file href="html5/data/js/paths.js" />
      <file href="html5/lib/hls/hls.min.js" />
      <file href="html5/lib/scripts/bootstrapper.min.js" />
      <file href="html5/lib/scripts/frame.desktop.min.js" />
      <file href="html5/lib/scripts/frame.mobile.min.js" />
      <file href="html5/lib/scripts/slides.min.js" />
      <file href="html5/lib/stylesheets/desktop.min.css" />
      <file href="html5/lib/stylesheets/mobile.min.css" />
      <file href="html5/lib/stylesheets/mobile-fonts/open-sans-bold.woff" />
      <file href="html5/lib/stylesheets/mobile-fonts/open-sans-light.woff" />
      <file href="html5/lib/stylesheets/mobile-fonts/open-sans-regular.woff" />
      <file href="analytics-frame.html" />
      <file href="story.html" />
      <file href="index_lms.html" />
      <file href="lms/AICCComm.html" />
      <file href="lms/blank.html" />
      <file href="lms/browsersniff.js" />
      <file href="lms/goodbye.html" />
      <file href="lms/scormdriver.js" />
    </resource>
  </resources>
</manifest>