<?xml version="1.0" encoding="utf-8"?>
<bwFrame xmlns:xsd="http://www.w3.org/2001/XMLSchema" xmlns:xsi="http://www.w3.org/2001/XMLSchema-instance" default_layout="npxnabnsnfns10111001101" textdirection="ltr" textengine="DirectWrite" device="false" fontscale="100" captionFontScale="125" kbshortcuts="false" skip_nav_enabled="true" chromeless="false" outputtype="undefined" theme="unified" themeAccentColor="0x4FBDF4">
  <layouts>
    <layout name="npnxnanbsnfns10111001101" font="Lato" controllayout="npnxnanbsnfns10111001101" colorscheme="npxnabnsnfns10111001101" string_table="npxnabnsnfns10111001101" />
    <layout name="pxabnsnfns10111001101" font="Lato" controllayout="pxabnsnfns10111001101" colorscheme="npxnabnsnfns10111001101" string_table="npxnabnsnfns10111001101" />
    <layout name="npxnabnsnfns10111001101" font="Lato" controllayout="npxnabnsnfns10111001101" colorscheme="npxnabnsnfns10111001101" string_table="npxnabnsnfns10111001101" />
    <layout name="npnxnanbnsnfns10111001101" font="Lato" controllayout="npnxnanbnsnfns10111001101" colorscheme="npxnabnsnfns10111001101" string_table="npxnabnsnfns10111001101" />
    <layout name="pxabnsnfns10111001100" font="Lato" controllayout="pxabnsnfns10111001100" colorscheme="npxnabnsnfns10111001101" string_table="npxnabnsnfns10111001101" />
    <layout name="npnxnanbnsnfns00001000101" font="Lato" controllayout="npnxnanbnsnfns00001000101" colorscheme="npxnabnsnfns10111001101" string_table="npxnabnsnfns10111001101" />
    <layout name="pnxanbnsnfns10111001101" font="Lato" controllayout="pnxanbnsnfns10111001101" colorscheme="npxnabnsnfns10111001101" string_table="npxnabnsnfns10111001101" />
  </layouts>
  <control_options>
    <optiongroups>
      <optiongroup name="sidebaroptions">
        <options>
          <option name="title_enabled" value="false">
            <options>
              <option name="title_text" value="StudentPerformance" />
            </options>
          </option>
          <option name="logo_enabled" value="false">
            <options />
          </option>
          <option name="sidebar_enabled" value="true">
            <options>
              <option name="sidebarpos" value="left" />
              <option name="closed" value="false" />
            </options>
          </option>
          <optionlist name="tabs">
            <listitems>
              <listitem name="resources" value="false" group="linkright" />
              <listitem name="outline" value="true" group="sidebar" />
              <listitem name="glossary" value="false" group="sidebar" />
              <listitem name="transcript" value="true" group="sidebar" />
            </listitems>
          </optionlist>
          <option name="time_enabled" value="false">
            <options>
              <option name="time_format" value="" />
            </options>
          </option>
          <option name="video_enabled" value="false">
            <options>
              <option name="height" value="135" />
            </options>
          </option>
          <option name="logoAltText" />
        </options>
      </optiongroup>
      <optiongroup name="menuoptions">
        <options>
          <option name="flow" value="restricted" />
          <option name="wraplistitems" value="true" />
          <option name="tooltips" value="true" />
          <option name="autocollapse" value="true" />
          <option name="autonumber" value="false" />
          <option name="enableresultsicons" value="true" />
        </options>
      </optiongroup>
      <optiongroup name="controls">
        <options>
          <option name="volume" value="true" />
          <option name="seekbar" value="true">
            <options>
              <option name="readonly" value="false" />
              <option name="readonlyOnce" value="false" />
            </options>
          </option>
          <option name="pauseplay" value="true" />
          <option name="replay" value="true" />
          <option name="search" value="false" />
          <option name="closed_captions" value="true" />
          <option name="settings" value="true" />
          <option name="playbackSpeedControl" value="true" />
          <option name="fullScreenToggle" value="true" />
        </options>
      </optiongroup>
      <optiongroup name="bottombaroptions">
        <options>
          <option name="bottombar_enabled" value="true" />
        </options>
      </optiongroup>
      <optiongroup name="buttonoptions">
        <options>
          <option name="next" value="icontext" />
          <option name="previous" value="icontext" />
          <option name="submit" value="icontext" />
        </options>
      </optiongroup>
      <optiongroup name="ccOptions">
        <options>
          <option name="font" value="Lato" />
          <option name="size" value="125" />
          <option name="placement" value="100" />
          <option name="backgroundColor" value="#000000FF" />
          <option name="color" value="#FFFFFFFF" />
        </options>
      </optiongroup>
    </optiongroups>
  </control_options>
  <control_layouts>
    <control_layout name="npnxnanbsnfns10111001101">
      <control name="volume" enabled="true" />
      <control name="seekbar" enabled="true" />
      <control name="replay" enabled="true" />
      <control name="pauseplay" enabled="true" />
      <control name="logo" enabled="false" />
      <control name="previous" enabled="false" />
      <control name="next" enabled="false" />
      <control name="swipeleft" enabled="false" />
      <control name="swiperight" enabled="false" />
      <control name="fullScreenToggle" enabled="true" />
      <control name="playbackSpeedControl" enabled="true" />
      <control name="submit" enabled="true" />
      <control name="finish" enabled="false" />
      <control name="submitall" enabled="false" />
      <control name="resources" enabled="false" />
      <control name="glossary" enabled="false" />
      <control name="transcript" enabled="true" />
      <control name="outline" enabled="true">
        <controls>
          <control name="search" enabled="false" />
        </controls>
      </control>
      <control name="close_btn" enabled="true" />
    </control_layout>
    <control_layout name="pxabnsnfns10111001101">
      <control name="volume" enabled="true" />
      <control name="seekbar" enabled="true" />
      <control name="replay" enabled="true" />
      <control name="pauseplay" enabled="true" />
      <control name="logo" enabled="false" />
      <control name="previous" enabled="true" />
      <control name="next" enabled="true" />
      <control name="swipeleft" enabled="true" />
      <control name="swiperight" enabled="true" />
      <control name="fullScreenToggle" enabled="true" />
      <control name="playbackSpeedControl" enabled="true" />
      <control name="submit" enabled="false" />
      <control name="finish" enabled="false" />
      <control name="submitall" enabled="false" />
      <control name="resources" enabled="false" />
      <control name="glossary" enabled="false" />
      <control name="transcript" enabled="true" />
      <control name="outline" enabled="true">
        <controls>
          <control name="search" enabled="false" />
        </controls>
      </control>
      <control name="close_btn" enabled="true" />
    </control_layout>
    <control_layout name="npxnabnsnfns10111001101">
      <control name="volume" enabled="true" />
      <control name="seekbar" enabled="true" />
      <control name="replay" enabled="true" />
      <control name="pauseplay" enabled="true" />
      <control name="logo" enabled="false" />
      <control name="previous" enabled="false" />
      <control name="next" enabled="true" />
      <control name="swipeleft" enabled="false" />
      <control name="swiperight" enabled="true" />
      <control name="fullScreenToggle" enabled="true" />
      <control name="playbackSpeedControl" enabled="true" />
      <control name="submit" enabled="false" />
      <control name="finish" enabled="false" />
      <control name="submitall" enabled="false" />
      <control name="resources" enabled="false" />
      <control name="glossary" enabled="false" />
      <control name="transcript" enabled="true" />
      <control name="outline" enabled="true">
        <controls>
          <control name="search" enabled="false" />
        </controls>
      </control>
      <control name="close_btn" enabled="true" />
    </control_layout>
    <control_layout name="npnxnanbnsnfns10111001101">
      <control name="volume" enabled="true" />
      <control name="seekbar" enabled="true" />
      <control name="replay" enabled="true" />
      <control name="pauseplay" enabled="true" />
      <control name="logo" enabled="false" />
      <control name="previous" enabled="false" />
      <control name="next" enabled="false" />
      <control name="swipeleft" enabled="false" />
      <control name="swiperight" enabled="false" />
      <control name="fullScreenToggle" enabled="true" />
      <control name="playbackSpeedControl" enabled="true" />
      <control name="submit" enabled="false" />
      <control name="finish" enabled="false" />
      <control name="submitall" enabled="false" />
      <control name="resources" enabled="false" />
      <control name="glossary" enabled="false" />
      <control name="transcript" enabled="true" />
      <control name="outline" enabled="true">
        <controls>
          <control name="search" enabled="false" />
        </controls>
      </control>
      <control name="close_btn" enabled="true" />
    </control_layout>
    <control_layout name="pxabnsnfns10111001100">
      <control name="volume" enabled="true" />
      <control name="seekbar" enabled="true" />
      <control name="replay" enabled="true" />
      <control name="pauseplay" enabled="true" />
      <control name="logo" enabled="false" />
      <control name="previous" enabled="true" />
      <control name="next" enabled="true" />
      <control name="swipeleft" enabled="true" />
      <control name="swiperight" enabled="true" />
      <control name="fullScreenToggle" enabled="true" />
      <control name="playbackSpeedControl" enabled="true" />
      <control name="submit" enabled="false" />
      <control name="finish" enabled="false" />
      <control name="submitall" enabled="false" />
      <control name="resources" enabled="false" />
      <control name="glossary" enabled="false" />
      <control name="transcript" enabled="true" />
      <control name="outline" enabled="true">
        <controls>
          <control name="search" enabled="false" />
        </controls>
      </control>
      <control name="close_btn" enabled="false" />
    </control_layout>
    <control_layout name="npnxnanbnsnfns00001000101">
      <control name="volume" enabled="true" />
      <control name="seekbar" enabled="false" />
      <control name="replay" enabled="false" />
      <control name="pauseplay" enabled="false" />
      <control name="logo" enabled="false" />
      <control name="previous" enabled="false" />
      <control name="next" enabled="false" />
      <control name="swipeleft" enabled="false" />
      <control name="swiperight" enabled="false" />
      <control name="fullScreenToggle" enabled="true" />
      <control name="playbackSpeedControl" enabled="true" />
      <control name="submit" enabled="false" />
      <control name="finish" enabled="false" />
      <control name="submitall" enabled="false" />
      <control name="resources" enabled="false" />
      <control name="glossary" enabled="false" />
      <control name="transcript" enabled="false" />
      <control name="outline" enabled="true">
        <controls>
          <control name="search" enabled="false" />
        </controls>
      </control>
      <control name="close_btn" enabled="true" />
    </control_layout>
    <control_layout name="pnxanbnsnfns10111001101">
      <control name="volume" enabled="true" />
      <control name="seekbar" enabled="true" />
      <control name="replay" enabled="true" />
      <control name="pauseplay" enabled="true" />
      <control name="logo" enabled="false" />
      <control name="previous" enabled="true" />
      <control name="next" enabled="false" />
      <control name="swipeleft" enabled="true" />
      <control name="swiperight" enabled="false" />
      <control name="fullScreenToggle" enabled="true" />
      <control name="playbackSpeedControl" enabled="true" />
      <control name="submit" enabled="false" />
      <control name="finish" enabled="false" />
      <control name="submitall" enabled="false" />
      <control name="resources" enabled="false" />
      <control name="glossary" enabled="false" />
      <control name="transcript" enabled="true" />
      <control name="outline" enabled="true">
        <controls>
          <control name="search" enabled="false" />
        </controls>
      </control>
      <control name="close_btn" enabled="true" />
    </control_layout>
  </control_layouts>
  <colorschemes>
    <colorscheme name="npxnabnsnfns10111001101">
      <color_group name="accessibility">
        <group_colors>
          <color name="focus_rect">
            <fill type="linear" rotation="90">
              <colors>
                <color rgb="0xFFFF00" alpha="100" stop="0" />
              </colors>
            </fill>
          </color>
          <color name="focus_rect_secondary">
            <fill type="linear" rotation="90">
              <colors>
                <color rgb="0x002060" alpha="100" stop="0" />
              </colors>
            </fill>
          </color>
        </group_colors>
      </color_group>
      <color_group name="HTML">
        <group_colors>
          <color name="htmlpage_bg_color">
            <fill type="linear" rotation="90">
              <colors>
                <color rgb="0x114B66" alpha="100" stop="0" />
              </colors>
            </fill>
          </color>
          <color name="preloader">
            <fill type="linear" rotation="90">
              <colors>
                <color rgb="0xFFFFFF" alpha="100" stop="0" />
              </colors>
            </fill>
          </color>
        </group_colors>
      </color_group>
      <color_group name="infopanel">
        <group_colors>
          <color name="link_text">
            <fill type="linear" rotation="90">
              <colors>
                <color rgb="0xBABBBA" alpha="100" stop="0" />
              </colors>
            </fill>
          </color>
          <color name="link_hover">
            <fill type="linear" rotation="90">
              <colors>
                <color rgb="0xFFFFFF" alpha="100" stop="0" />
              </colors>
            </fill>
          </color>
          <color name="shadow">
            <fill type="linear" rotation="90">
              <colors>
                <color rgb="0x000000" alpha="0" stop="0" />
              </colors>
            </fill>
          </color>
          <color name="bg">
            <fill type="linear" rotation="90">
              <colors>
                <color rgb="0xFFFFFF" alpha="100" stop="0" />
              </colors>
            </fill>
          </color>
          <color name="name_text">
            <fill type="linear" rotation="90">
              <colors>
                <color rgb="0x444444" alpha="100" stop="0" />
              </colors>
            </fill>
          </color>
          <color name="title_text">
            <fill type="linear" rotation="90">
              <colors>
                <color rgb="0x999999" alpha="100" stop="0" />
              </colors>
            </fill>
          </color>
        </group_colors>
      </color_group>
      <color_group name="infopanelpopup">
        <group_colors>
          <color name="link_text">
            <fill type="linear" rotation="90">
              <colors>
                <color rgb="0xFF0000" alpha="100" stop="0" />
              </colors>
            </fill>
          </color>
          <color name="link_hover">
            <fill type="linear" rotation="90">
              <colors>
                <color rgb="0xFFFFFF" alpha="100" stop="0" />
              </colors>
            </fill>
          </color>
          <color name="bg">
            <fill type="linear" rotation="90">
              <colors>
                <color rgb="0x000000" alpha="0" stop="0" />
              </colors>
            </fill>
          </color>
          <color name="shadow">
            <fill type="linear" rotation="90">
              <colors>
                <color rgb="0x000000" alpha="0" stop="0" />
              </colors>
            </fill>
          </color>
          <color name="name_text">
            <fill type="linear" rotation="90">
              <colors>
                <color rgb="0xFFFFFF" alpha="100" stop="0" />
              </colors>
            </fill>
          </color>
          <color name="bio_text">
            <fill type="linear" rotation="90">
              <colors>
                <color rgb="0xBABBBA" alpha="100" stop="0" />
              </colors>
            </fill>
          </color>
        </group_colors>
      </color_group>
      <color_group name="timer">
        <group_colors>
          <color name="duration">
            <fill type="linear" rotation="90">
              <colors>
                <color rgb="0x3C3C3C" alpha="100" stop="0" />
              </colors>
            </fill>
          </color>
          <color name="elapsed">
            <fill type="linear" rotation="90">
              <colors>
                <color rgb="0xFEE347" alpha="100" stop="0" />
              </colors>
            </fill>
          </color>
          <color name="stroke">
            <fill type="linear" rotation="90">
              <colors>
                <color rgb="0xC7C7C7" alpha="100" stop="0" />
              </colors>
            </fill>
          </color>
          <color name="inner">
            <fill type="linear" rotation="90">
              <colors>
                <color rgb="0xFFFFFF" alpha="100" stop="0" />
              </colors>
            </fill>
          </color>
          <color name="text">
            <fill type="linear" rotation="90">
              <colors>
                <color rgb="0xBABBBA" alpha="100" stop="0" />
              </colors>
            </fill>
          </color>
        </group_colors>
      </color_group>
      <color_group name="window">
        <group_colors>
          <color name="text">
            <fill type="linear" rotation="90">
              <colors>
                <color rgb="0xF8F8F8" alpha="100" stop="0" />
              </colors>
            </fill>
          </color>
          <color name="btn_text">
            <fill type="linear" rotation="90">
              <colors>
                <color rgb="0xF8F8F8" alpha="100" stop="0" />
              </colors>
            </fill>
          </color>
          <color name="inner">
            <fill type="linear" rotation="90">
              <colors>
                <color rgb="0x316300" alpha="0" stop="0" />
              </colors>
            </fill>
          </color>
          <color name="bg">
            <fill type="linear" rotation="90">
              <colors>
                <color rgb="0x0F435B" alpha="100" stop="0" />
              </colors>
            </fill>
          </color>
          <color name="diva">
            <fill type="linear" rotation="90">
              <colors>
                <color rgb="0x4E4E4E" alpha="100" stop="0" />
              </colors>
            </fill>
          </color>
          <color name="divb">
            <fill type="linear" rotation="90">
              <colors>
                <color rgb="0x4E4E4E" alpha="0" stop="0" />
              </colors>
            </fill>
          </color>
          <color name="shadow">
            <fill type="linear" rotation="90">
              <colors>
                <color rgb="0x000000" alpha="20" stop="0" />
              </colors>
            </fill>
          </color>
          <color name="border">
            <fill type="linear" rotation="90">
              <colors>
                <color rgb="0x197098" alpha="100" stop="0" />
              </colors>
            </fill>
          </color>
          <color name="separator">
            <fill type="linear" rotation="90">
              <colors>
                <color rgb="0xFFFFFF" alpha="100" stop="0" />
              </colors>
            </fill>
          </color>
          <color name="selected_border">
            <fill type="linear" rotation="90">
              <colors>
                <color rgb="0xFFFFFF" alpha="100" stop="0" />
              </colors>
            </fill>
          </color>
        </group_colors>
      </color_group>
      <color_group name="editor">
        <group_colors>
          <color name="slide_text">
            <fill type="linear" rotation="90">
              <colors>
                <color rgb="0xE2E2E2" alpha="100" stop="0" />
              </colors>
            </fill>
          </color>
          <color name="html_text">
            <fill type="linear" rotation="90">
              <colors>
                <color rgb="0xBABBBA" alpha="100" stop="0" />
              </colors>
            </fill>
          </color>
          <color name="btn_text_shadow">
            <fill type="linear" rotation="90">
              <colors>
                <color rgb="0x000000" alpha="0" stop="0" />
              </colors>
            </fill>
          </color>
          <color name="btn_text">
            <fill type="linear" rotation="90">
              <colors>
                <color rgb="0xFFFFFF" alpha="100" stop="0" />
              </colors>
            </fill>
          </color>
          <color name="btn_border">
            <fill type="linear" rotation="90">
              <colors>
                <color rgb="0xD3D3D3" alpha="100" stop="0" />
              </colors>
            </fill>
          </color>
          <color name="btn_hover">
            <fill type="linear" rotation="90">
              <colors>
                <color rgb="0x444444" alpha="100" stop="0" />
              </colors>
            </fill>
          </color>
          <color name="btn_down">
            <fill type="linear" rotation="90">
              <colors>
                <color rgb="0x444444" alpha="100" stop="0" />
              </colors>
            </fill>
          </color>
          <color name="btn_bg">
            <fill type="linear" rotation="90">
              <colors>
                <color rgb="0x222222" alpha="100" stop="0" />
              </colors>
            </fill>
          </color>
        </group_colors>
      </color_group>
      <color_group name="listitem">
        <group_colors>
          <color name="scene_text">
            <fill type="linear" rotation="90">
              <colors>
                <color rgb="0xF8F8F8" alpha="100" stop="0" />
              </colors>
            </fill>
          </color>
          <color name="selected_text">
            <fill type="linear" rotation="90" />
          </color>
          <color name="shadow">
            <fill type="linear" rotation="90" />
          </color>
          <color name="selected">
            <fill type="linear" rotation="90" />
          </color>
          <color name="text">
            <fill type="linear" rotation="90">
              <colors>
                <color rgb="0xBABBBA" alpha="100" stop="0" />
              </colors>
            </fill>
          </color>
          <color name="viewed">
            <fill type="linear" rotation="90">
              <colors>
                <color rgb="0xBABBBA" alpha="100" stop="0" />
              </colors>
            </fill>
          </color>
          <color name="hover">
            <fill type="linear" rotation="90">
              <colors>
                <color rgb="0xFFFFFF" alpha="6" stop="0" />
              </colors>
            </fill>
          </color>
          <color name="lines">
            <fill type="linear" rotation="90" />
          </color>
          <color name="selected_hover_border">
            <fill type="linear" rotation="90">
              <colors>
                <color rgb="0x6C6C6C" alpha="100" stop="0" />
              </colors>
            </fill>
          </color>
        </group_colors>
      </color_group>
      <color_group name="glossary">
        <group_colors>
          <color name="selected_text">
            <fill type="linear" rotation="90">
              <colors>
                <color rgb="0xFFFFFF" alpha="100" stop="0" />
              </colors>
            </fill>
          </color>
          <color name="selected">
            <fill type="linear" rotation="90">
              <colors>
                <color rgb="0xFFFFFF" alpha="100" stop="0" />
              </colors>
            </fill>
          </color>
          <color name="text">
            <fill type="linear" rotation="90">
              <colors>
                <color rgb="0xBABBBA" alpha="100" stop="0" />
              </colors>
            </fill>
          </color>
          <color name="hover">
            <fill type="linear" rotation="90">
              <colors>
                <color rgb="0xBABBBA" alpha="100" stop="0" />
              </colors>
            </fill>
          </color>
          <color name="heading_text">
            <fill type="linear" rotation="90">
              <colors>
                <color rgb="0xF8F8F8" alpha="100" stop="0" />
              </colors>
            </fill>
          </color>
          <color name="diva">
            <fill type="linear" rotation="90">
              <colors>
                <color rgb="0x000000" alpha="0" stop="0" />
              </colors>
            </fill>
          </color>
          <color name="divb">
            <fill type="linear" rotation="90">
              <colors>
                <color rgb="0x000000" alpha="0" stop="0" />
              </colors>
            </fill>
          </color>
          <color name="divc">
            <fill type="linear" rotation="90">
              <colors>
                <color rgb="0x000000" alpha="0" stop="0" />
              </colors>
            </fill>
          </color>
          <color name="bg">
            <fill type="linear" rotation="90">
              <colors>
                <color rgb="0x000000" alpha="0" stop="0" />
              </colors>
            </fill>
          </color>
        </group_colors>
      </color_group>
      <color_group name="notes">
        <group_colors>
          <color name="text">
            <fill type="linear" rotation="90">
              <colors>
                <color rgb="0xBABBBA" alpha="100" stop="0" />
              </colors>
            </fill>
          </color>
        </group_colors>
      </color_group>
      <color_group name="resource">
        <group_colors>
          <color name="separator">
            <fill type="linear" rotation="90">
              <colors>
                <color rgb="0x000000" alpha="0" stop="0" />
              </colors>
            </fill>
          </color>
          <color name="hover">
            <fill type="linear" rotation="90">
              <colors>
                <color rgb="0xFFFFFF" alpha="6" stop="0" />
              </colors>
            </fill>
          </color>
        </group_colors>
      </color_group>
      <color_group name="outline">
        <group_colors>
          <color name="search_hover">
            <fill type="linear" rotation="90">
              <colors>
                <color rgb="0x000000" alpha="0" stop="0" />
              </colors>
            </fill>
          </color>
          <color name="search_text">
            <fill type="linear" rotation="90">
              <colors>
                <color rgb="0x2D2D2D" alpha="100" stop="0" />
              </colors>
            </fill>
          </color>
          <color name="divc">
            <fill type="linear" rotation="90">
              <colors>
                <color rgb="0x000000" alpha="0" stop="0" />
              </colors>
            </fill>
          </color>
          <color name="divb">
            <fill type="linear" rotation="90">
              <colors>
                <color rgb="0x000000" alpha="0" stop="0" />
              </colors>
            </fill>
          </color>
          <color name="diva">
            <fill type="linear" rotation="90">
              <colors>
                <color rgb="0x000000" alpha="0" stop="0" />
              </colors>
            </fill>
          </color>
        </group_colors>
      </color_group>
      <color_group name="transcript">
        <group_colors>
          <color name="heading_text">
            <fill type="linear" rotation="90">
              <colors>
                <color rgb="0xFFFFFF" alpha="100" stop="0" />
              </colors>
            </fill>
          </color>
          <color name="div">
            <fill type="linear" rotation="90">
              <colors>
                <color rgb="0x000000" alpha="0" stop="0" />
              </colors>
            </fill>
          </color>
        </group_colors>
      </color_group>
      <color_group name="tabs">
        <group_colors>
          <color name="shadow">
            <fill type="linear" rotation="90">
              <colors>
                <color rgb="0x000000" alpha="0" stop="0" />
              </colors>
            </fill>
          </color>
          <color name="hover">
            <fill type="linear" rotation="90">
              <colors>
                <color rgb="0xF8F8F8" alpha="100" stop="0" />
              </colors>
            </fill>
          </color>
          <color name="selected">
            <fill type="linear" rotation="90">
              <colors>
                <color rgb="0xF8F8F8" alpha="100" stop="0" />
              </colors>
            </fill>
          </color>
          <color name="text">
            <fill type="linear" rotation="90">
              <colors>
                <color rgb="0xBABBBA" alpha="100" stop="0" />
              </colors>
            </fill>
          </color>
          <color name="bg">
            <fill type="linear" rotation="90">
              <colors>
                <color rgb="0x000000" alpha="0" stop="0" />
              </colors>
            </fill>
          </color>
          <color name="panel_bg">
            <fill type="linear" rotation="90">
              <colors>
                <color rgb="0x0F435B" alpha="100" stop="0" />
              </colors>
            </fill>
          </color>
          <color name="bottom_border">
            <fill type="linear" rotation="90">
              <colors>
                <color rgb="0x6C6C6C" alpha="100" stop="0" />
              </colors>
            </fill>
          </color>
        </group_colors>
      </color_group>
      <color_group name="seekcontrol">
        <group_colors>
          <color name="btn_icon_color">
            <fill type="linear" rotation="90">
              <colors>
                <color rgb="0xB4B4B4" alpha="100" stop="0" />
              </colors>
            </fill>
          </color>
          <color name="seek_position">
            <fill type="linear" rotation="90">
              <colors>
                <color rgb="0xFFFFFF" alpha="60" stop="0" />
              </colors>
            </fill>
          </color>
          <color name="seek_bg">
            <fill type="linear" rotation="90">
              <colors>
                <color rgb="0x6C6C6C" alpha="100" stop="0" />
              </colors>
            </fill>
          </color>
          <color name="seek_border">
            <fill type="linear" rotation="90">
              <colors>
                <color rgb="0x000000" alpha="0" stop="0" />
              </colors>
            </fill>
          </color>
          <color name="border">
            <fill type="linear" rotation="90">
              <colors>
                <color rgb="0x000000" alpha="0" stop="0" />
              </colors>
            </fill>
          </color>
          <color name="bg">
            <fill type="linear" rotation="90">
              <colors>
                <color rgb="0x000000" alpha="0" stop="0" />
              </colors>
            </fill>
          </color>
          <color name="btn_icon_hover">
            <fill type="linear" rotation="90">
              <colors>
                <color rgb="0xFFFFFF" alpha="100" stop="0" />
              </colors>
            </fill>
          </color>
          <color name="btn_icon_shadow">
            <fill type="linear" rotation="90">
              <colors>
                <color rgb="0x000000" alpha="0" stop="0" />
              </colors>
            </fill>
          </color>
        </group_colors>
      </color_group>
      <color_group name="searchinput">
        <group_colors>
          <color name="text_active">
            <fill type="linear" rotation="90">
              <colors>
                <color rgb="0xF8F8F8" alpha="100" stop="0" />
              </colors>
            </fill>
          </color>
          <color name="bg_active">
            <fill type="linear" rotation="90">
              <colors>
                <color rgb="0x292929" alpha="100" stop="0" />
              </colors>
            </fill>
          </color>
          <color name="search_text">
            <fill type="linear" rotation="90">
              <colors>
                <color rgb="0xBABBBA" alpha="100" stop="0" />
              </colors>
            </fill>
          </color>
          <color name="hover_glow">
            <fill type="linear" rotation="90">
              <colors>
                <color rgb="0x457E13" alpha="0" stop="0" />
              </colors>
            </fill>
          </color>
          <color name="button_hover">
            <fill type="linear" rotation="90">
              <colors>
                <color rgb="0x3F8500" alpha="100" stop="0" />
              </colors>
            </fill>
          </color>
          <color name="icon">
            <fill type="linear" rotation="90">
              <colors>
                <color rgb="0xBABBBA" alpha="100" stop="0" />
              </colors>
            </fill>
          </color>
          <color name="border">
            <fill type="linear" rotation="90">
              <colors>
                <color rgb="0x000000" alpha="0" stop="0" />
              </colors>
            </fill>
          </color>
          <color name="outer_border">
            <fill type="linear" rotation="90">
              <colors>
                <color rgb="0x6C6C6C" alpha="100" stop="0" />
              </colors>
            </fill>
          </color>
          <color name="bg">
            <fill type="linear" rotation="90">
              <colors>
                <color rgb="0xFFFFFF" alpha="6" stop="0" />
              </colors>
            </fill>
          </color>
          <color name="bg_in_tab">
            <fill type="linear" rotation="90">
              <colors>
                <color rgb="0x545454" alpha="100" stop="0" />
              </colors>
            </fill>
          </color>
        </group_colors>
      </color_group>
      <color_group name="scrollarea">
        <group_colors>
          <color name="detailb">
            <fill type="linear" rotation="90">
              <colors>
                <color rgb="0x6AA242" alpha="100" stop="0" />
              </colors>
            </fill>
          </color>
          <color name="detaila">
            <fill type="linear" rotation="90">
              <colors>
                <color rgb="0x2A5400" alpha="100" stop="0" />
              </colors>
            </fill>
          </color>
          <color name="shadow">
            <fill type="linear" rotation="90">
              <colors>
                <color rgb="0x275000" alpha="100" stop="0" />
              </colors>
            </fill>
          </color>
          <color name="icons">
            <fill type="linear" rotation="90">
              <colors>
                <color rgb="0xFFFFFF" alpha="100" stop="0" />
              </colors>
            </fill>
          </color>
          <color name="button_border">
            <fill type="linear" rotation="90">
              <colors>
                <color rgb="0x2A5500" alpha="100" stop="0" />
              </colors>
            </fill>
          </color>
          <color name="button_inner">
            <fill type="linear" rotation="90">
              <colors>
                <color rgb="0x4B8A16" alpha="100" stop="0" />
              </colors>
            </fill>
          </color>
          <color name="button_bg">
            <fill type="linear" rotation="90">
              <colors>
                <color rgb="0xB3B4B3" alpha="75" stop="0" />
              </colors>
            </fill>
          </color>
          <color name="button_bg_hover">
            <fill type="linear" rotation="90">
              <colors>
                <color rgb="0xB3B4B3" alpha="75" stop="0" />
              </colors>
            </fill>
          </color>
          <color name="border">
            <fill type="linear" rotation="90">
              <colors>
                <color rgb="0x479901" alpha="100" stop="0" />
              </colors>
            </fill>
          </color>
          <color name="bg">
            <fill type="linear" rotation="0">
              <colors>
                <color rgb="0x366F00" alpha="100" stop="0" />
              </colors>
            </fill>
          </color>
        </group_colors>
      </color_group>
      <color_group name="menu">
        <group_colors>
          <color name="shadow">
            <fill type="linear" rotation="90">
              <colors>
                <color rgb="0x000000" alpha="0" stop="0" />
              </colors>
            </fill>
          </color>
          <color name="bg">
            <fill type="linear" rotation="90">
              <colors>
                <color rgb="0x0F435B" alpha="100" stop="0" />
              </colors>
            </fill>
          </color>
          <color name="generic_shadow">
            <fill type="linear" rotation="90">
              <colors>
                <color rgb="0x000000" alpha="94" stop="0" />
              </colors>
            </fill>
          </color>
          <color name="right_shadow">
            <fill type="linear" rotation="0">
              <colors>
                <color rgb="0x000000" alpha="0" stop="0" />
                <color rgb="0x000000" alpha="30" stop="255" />
              </colors>
            </fill>
          </color>
          <color name="border">
            <fill type="linear" rotation="90">
              <colors>
                <color rgb="0x197098" alpha="100" stop="0" />
              </colors>
            </fill>
          </color>
        </group_colors>
      </color_group>
      <color_group name="logo">
        <group_colors>
          <color name="shadow">
            <fill type="linear" rotation="90">
              <colors>
                <color rgb="0x254B00" alpha="100" stop="0" />
              </colors>
            </fill>
          </color>
          <color name="bg">
            <fill type="linear" rotation="90">
              <colors>
                <color rgb="0xFFFFFF" alpha="0" stop="0" />
              </colors>
            </fill>
          </color>
        </group_colors>
      </color_group>
      <color_group name="checkbox">
        <group_colors>
          <color name="hover">
            <fill type="linear" rotation="90">
              <colors>
                <color rgb="0xAFDD82" alpha="100" stop="0" />
              </colors>
            </fill>
          </color>
          <color name="text">
            <fill type="linear" rotation="90">
              <colors>
                <color rgb="0xFFFFFF" alpha="100" stop="0" />
              </colors>
            </fill>
          </color>
          <color name="check">
            <fill type="linear" rotation="90">
              <colors>
                <color rgb="0x2BC400" alpha="100" stop="0" />
              </colors>
            </fill>
          </color>
          <color name="bg">
            <fill type="linear" rotation="90">
              <colors>
                <color rgb="0xFFFFFF" alpha="100" stop="0" />
              </colors>
            </fill>
          </color>
          <color name="border">
            <fill type="linear" rotation="90">
              <colors>
                <color rgb="0x2A5300" alpha="100" stop="0" />
              </colors>
            </fill>
          </color>
        </group_colors>
      </color_group>
      <color_group name="button">
        <group_colors>
          <color name="btn_icon_color">
            <fill type="linear" rotation="90">
              <colors>
                <color rgb="0xBABBBA" alpha="100" stop="0" />
              </colors>
            </fill>
          </color>
          <color name="btn_text_shadow">
            <fill type="linear" rotation="90">
              <colors>
                <color rgb="0x000000" alpha="0" stop="0" />
              </colors>
            </fill>
          </color>
          <color name="btn_text">
            <fill type="linear" rotation="90">
              <colors>
                <color rgb="0xBABBBA" alpha="100" stop="0" />
              </colors>
            </fill>
          </color>
          <color name="btn_border">
            <fill type="linear" rotation="90">
              <colors>
                <color rgb="0x000000" alpha="0" stop="0" />
              </colors>
            </fill>
          </color>
          <color name="btn_hover">
            <fill type="linear" rotation="90">
              <colors>
                <color rgb="0xF8F8F8" alpha="100" stop="0" />
              </colors>
            </fill>
          </color>
          <color name="btn_down">
            <fill type="linear" rotation="90">
              <colors>
                <color rgb="0x000000" alpha="0" stop="0" />
              </colors>
            </fill>
          </color>
          <color name="btn_bg">
            <fill type="linear" rotation="90">
              <colors>
                <color rgb="0x000000" alpha="0" stop="0" />
              </colors>
            </fill>
          </color>
          <color name="btn_glow">
            <fill type="linear" rotation="90">
              <colors>
                <color rgb="0x000000" alpha="0" stop="0" />
              </colors>
            </fill>
          </color>
          <color name="btn_on_dark_background">
            <fill type="linear" rotation="90">
              <colors>
                <color rgb="0xBABBBA" alpha="100" stop="0" />
              </colors>
            </fill>
          </color>
          <color name="btn_on_dark_background_hover">
            <fill type="linear" rotation="90">
              <colors>
                <color rgb="0xF8F8F8" alpha="100" stop="0" />
              </colors>
            </fill>
          </color>
        </group_colors>
      </color_group>
      <color_group name="base">
        <group_colors>
          <color name="brandhighlight">
            <fill type="linear" rotation="90">
              <colors>
                <color rgb="0x4FBDF4" alpha="100" stop="0" />
              </colors>
            </fill>
          </color>
          <color name="brandhighlight_secondary">
            <fill type="linear" rotation="90">
              <colors>
                <color rgb="0xFFFFFF" alpha="100" stop="0" />
              </colors>
            </fill>
          </color>
          <color name="text">
            <fill type="linear" rotation="90">
              <colors>
                <color rgb="0xBABBBA" alpha="100" stop="0" />
              </colors>
            </fill>
          </color>
          <color name="text_hover">
            <fill type="linear" rotation="90">
              <colors>
                <color rgb="0xF8F8F8" alpha="100" stop="0" />
              </colors>
            </fill>
          </color>
          <color name="text_selected">
            <fill type="linear" rotation="90">
              <colors>
                <color rgb="0xF8F8F8" alpha="100" stop="0" />
              </colors>
            </fill>
          </color>
          <color name="diva">
            <fill type="linear" rotation="90">
              <colors>
                <color rgb="0x197098" alpha="100" stop="0" />
              </colors>
            </fill>
          </color>
          <color name="divb">
            <fill type="linear" rotation="90">
              <colors>
                <color rgb="0x000000" alpha="0" stop="0" />
              </colors>
            </fill>
          </color>
          <color name="menu_shade">
            <fill type="linear" rotation="90">
              <colors>
                <color rgb="0x0F435B" alpha="100" stop="0" />
              </colors>
            </fill>
          </color>
          <color name="border">
            <fill type="linear" rotation="90">
              <colors>
                <color rgb="0x114B66" alpha="100" stop="0" />
              </colors>
            </fill>
          </color>
          <color name="bg">
            <fill type="linear" rotation="90">
              <colors>
                <color rgb="0x114B66" alpha="100" stop="0" />
              </colors>
            </fill>
          </color>
          <color name="slide_bg">
            <fill type="linear" rotation="90">
              <colors>
                <color rgb="0x114B66" alpha="100" stop="0" />
              </colors>
            </fill>
          </color>
          <color name="overlay_message">
            <fill type="linear" rotation="90">
              <colors>
                <color rgb="0x000000" alpha="85" stop="0" />
              </colors>
            </fill>
          </color>
          <color name="selected_bg">
            <fill type="linear" rotation="90">
              <colors>
                <color rgb="0xFFFFFF" alpha="6" stop="0" />
              </colors>
            </fill>
          </color>
          <color name="selected_border">
            <fill type="linear" rotation="90">
              <colors>
                <color rgb="0x6C6C6C" alpha="100" stop="0" />
              </colors>
            </fill>
          </color>
          <color name="separator">
            <fill type="linear" rotation="90">
              <colors>
                <color rgb="0x454545" alpha="100" stop="0" />
              </colors>
            </fill>
          </color>
          <color name="control_border">
            <fill type="linear" rotation="90">
              <colors>
                <color rgb="0x6C6C6C" alpha="100" stop="0" />
              </colors>
            </fill>
          </color>
        </group_colors>
      </color_group>
      <color_group name="settings">
        <group_colors>
          <color name="panel_bg">
            <fill type="linear" rotation="90">
              <colors>
                <color rgb="0x0F435B" alpha="100" stop="0" />
              </colors>
            </fill>
          </color>
          <color name="panel_shadow">
            <fill type="linear" rotation="90">
              <colors>
                <color rgb="0x000000" alpha="35" stop="0" />
              </colors>
            </fill>
          </color>
          <color name="toggle_border">
            <fill type="linear" rotation="90">
              <colors>
                <color rgb="0x7C7C7C" alpha="100" stop="0" />
              </colors>
            </fill>
          </color>
          <color name="toggle_thumb_off">
            <fill type="linear" rotation="90">
              <colors>
                <color rgb="0xA2A2A2" alpha="100" stop="0" />
              </colors>
            </fill>
          </color>
          <color name="toggle_track_on">
            <fill type="linear" rotation="90">
              <colors>
                <color rgb="0x4FBDF4" alpha="100" stop="0" />
              </colors>
            </fill>
          </color>
          <color name="toggle_track_off">
            <fill type="linear" rotation="90">
              <colors>
                <color rgb="0xFFFFFF" alpha="10" stop="0" />
              </colors>
            </fill>
          </color>
          <color name="toggle_label">
            <fill type="linear" rotation="90">
              <colors>
                <color rgb="0xBABBBA" alpha="100" stop="0" />
              </colors>
            </fill>
          </color>
          <color name="settings_border_color">
            <fill type="linear" rotation="90">
              <colors>
                <color rgb="0x197098" alpha="100" stop="0" />
              </colors>
            </fill>
          </color>
        </group_colors>
      </color_group>
      <color_group name="volume">
        <group_colors>
          <color name="panel_bg">
            <fill type="linear" rotation="90">
              <colors>
                <color rgb="0x0F435B" alpha="100" stop="0" />
              </colors>
            </fill>
          </color>
          <color name="thumb_border">
            <fill type="linear" rotation="90">
              <colors>
                <color rgb="0x2B5500" alpha="100" stop="0" />
              </colors>
            </fill>
          </color>
          <color name="thumb_inner">
            <fill type="linear" rotation="90">
              <colors>
                <color rgb="0x2B5500" alpha="100" stop="0" />
              </colors>
            </fill>
          </color>
          <color name="thumb_bg">
            <fill type="linear" rotation="90">
              <colors>
                <color rgb="0xFFFFFF" alpha="100" stop="0" />
              </colors>
            </fill>
          </color>
          <color name="slider_border">
            <fill type="linear" rotation="90">
              <colors>
                <color rgb="0x428C01" alpha="100" stop="0" />
              </colors>
            </fill>
          </color>
          <color name="slider_bg">
            <fill type="linear" rotation="0">
              <colors>
                <color rgb="0x6C6C6C" alpha="100" stop="0" />
              </colors>
            </fill>
          </color>
          <color name="slider_shadow">
            <fill type="linear" rotation="90">
              <colors>
                <color rgb="0x000000" alpha="40" stop="0" />
              </colors>
            </fill>
          </color>
          <color name="volume_border_color">
            <fill type="linear" rotation="90">
              <colors>
                <color rgb="0x197098" alpha="100" stop="0" />
              </colors>
            </fill>
          </color>
        </group_colors>
      </color_group>
    </colorscheme>
  </colorschemes>
  <string_tables>
    <string_table name="npxnabnsnfns10111001101">
      <string id="acc_cc_hide">Hide captions (Ctrl+Alt+C)</string>
      <string id="acc_cc_show">Show captions (Ctrl+Alt+C)</string>
      <string id="acc_enter_fullscreen">Enter full-screen (Ctrl+Alt+F)</string>
      <string id="acc_exit_fullscreen">Exit full-screen (Ctrl+Alt+F)</string>
      <string id="acc_locked">locked</string>
      <string id="acc_modern_video_captions">video captions</string>
      <string id="acc_modern_video_fullscreen">full-screen video</string>
      <string id="acc_modern_video_mute">mute video</string>
      <string id="acc_modern_video_pause">pause video</string>
      <string id="acc_modern_video_pip">picture-in-picture</string>
      <string id="acc_modern_video_play">play video</string>
      <string id="acc_modern_video_playback_speed">playback speed</string>
      <string id="acc_modern_video_settings">video settings</string>
      <string id="acc_modern_video_transcript">Open</string>
      <string id="acc_modern_video_volume">video volume</string>
      <string id="acc_mute">Mute (Ctrl+Alt+M)</string>
      <string id="acc_next">Next (Ctrl+Alt+Period)</string>
      <string id="acc_next_visual">Next (Ctrl+Alt+.)</string>
      <string id="acc_pause">Pause (Ctrl+Alt+P)</string>
      <string id="acc_play">Play (Ctrl+Alt+P)</string>
      <string id="acc_playback_speed">Playback speed</string>
      <string id="acc_previous">Previous (Ctrl+Alt+Comma)</string>
      <string id="acc_previous_visual">Previous (Ctrl+Alt+,)</string>
      <string id="acc_replay">Replay (Ctrl+Alt+R)</string>
      <string id="acc_search_input">search</string>
      <string id="acc_settings">Settings</string>
      <string id="acc_skipnavigation">Back to top</string>
      <string id="acc_slide_progress">slide progress</string>
      <string id="acc_submit">Submit (Ctrl+Alt+S)</string>
      <string id="acc_three_image_count_of_total_item_visited">%count% of %total% item visited</string>
      <string id="acc_three_image_count_of_total_items_visited">%count% of %total% items visited</string>
      <string id="acc_three_image_step_count_of_total">step %count% of %total%</string>
      <string id="acc_unmute">Unmute (Ctrl+Alt+M)</string>
      <string id="acc_video_transcript_list">Transcript</string>
      <string id="acc_visited">visited</string>
      <string id="acc_window_close">Close</string>
      <string id="acc_window_move">Move window</string>
      <string id="acc_window_options">Options</string>
      <string id="acc_window_resize">Resize window</string>
      <string id="accessible_text">Accessible text</string>
      <string id="acctext_shortcut">Toggle accessible text</string>
      <string id="action">Action</string>
      <string id="alt_key">Alt</string>
      <string id="background_audio">Background audio</string>
      <string id="background_audio_shortcut">Toggle background audio</string>
      <string id="clear">Clear and return to menu</string>
      <string id="close">Close</string>
      <string id="closed_captions">Captions</string>
      <string id="closedcaptions_shortcut">Toggle captions</string>
      <string id="continueresponsive">Continue</string>
      <string id="ctrl_key">Ctrl</string>
      <string id="desktop_start">Start Course</string>
      <string id="disabled_orientation">Please rotate your device</string>
      <string id="enable_keyboardshortcuts">Enable keyboard shortcuts</string>
      <string id="filter">Filter</string>
      <string id="fullscreen_shortcut">Toggle full-screen</string>
      <string id="glossary">Glossary</string>
      <string id="keyboardshortcuts">Keyboard Shortcuts</string>
      <string id="keyboardshortcuts_lower">Keyboard shortcuts</string>
      <string id="mobile_start">Start Course</string>
      <string id="modern_video_captions_label">Captions</string>
      <string id="modern_video_captions_off">Off</string>
      <string id="modern_video_captions_on">On</string>
      <string id="modern_video_normal_speed">Normal</string>
      <string id="modern_video_playback_settings">Video Playback Settings</string>
      <string id="modern_video_playback_speed_title">Playback Speed</string>
      <string id="modern_video_settings_close">close video settings</string>
      <string id="mute_shortcut">Mute / unmute</string>
      <string id="next">NEXT</string>
      <string id="next_shortcut">Next</string>
      <string id="outline">Menu</string>
      <string id="playback_speed_normal">Normal</string>
      <string id="playback_speed_title">Playback Speed</string>
      <string id="playpause_shortcut">Play / pause</string>
      <string id="prev">PREV</string>
      <string id="previous_shortcut">Previous</string>
      <string id="progress_hour">hour</string>
      <string id="progress_hours">hours</string>
      <string id="progress_minute">minute</string>
      <string id="progress_minutes">minutes</string>
      <string id="progress_second">second</string>
      <string id="progress_seconds">seconds</string>
      <string id="replay_shortcut">Replay</string>
      <string id="resources">Resources</string>
      <string id="restart">Restart</string>
      <string id="resume">Resume</string>
      <string id="search">Search...</string>
      <string id="search_in">Search in:</string>
      <string id="search_results">Search Results</string>
      <string id="search_toggle">Search</string>
      <string id="shift_key">Shift</string>
      <string id="shortcut">Shortcut</string>
      <string id="shortcuthelp">List keyboard shortcuts</string>
      <string id="sidebar_toggle">Sidebar Toggle</string>
      <string id="slide_text_chk">Slide Text</string>
      <string id="streaming_video_local_playback_learn_more">Learn More</string>
      <string id="streaming_video_local_playback_republish">To watch this video, use the preview feature in Storyline 360, upload your published output to a server, publish to Review 360, or switch to static video quality.</string>
      <string id="streaming_video_local_playback_title">Streaming video is unavailable for local playback.</string>
      <string id="submit">SUBMIT</string>
      <string id="submit_shortcut">Submit</string>
      <string id="terms">Terms</string>
      <string id="three_image_audio">audio</string>
      <string id="three_image_camera_down">camera moved down</string>
      <string id="three_image_camera_left">camera moved left</string>
      <string id="three_image_camera_right">camera moved right</string>
      <string id="three_image_camera_up">camera moved up</string>
      <string id="three_image_count_of_total">%count% of %total%</string>
      <string id="three_image_count_of_total_visited">%count% of %total% visited</string>
      <string id="three_image_hotspot">hotspot</string>
      <string id="three_image_instructions">Use the w, a, s, and d keys to move around the 360 degree image. Press the tab key to jump to interactive markers and hotspots.</string>
      <string id="three_image_interaction">360 degree image interaction</string>
      <string id="three_image_interaction_free">free exploration mode</string>
      <string id="three_image_interaction_guided">guided tour mode</string>
      <string id="three_image_interaction_next">next</string>
      <string id="three_image_interaction_prev">previous</string>
      <string id="three_image_label">label</string>
      <string id="three_image_marker">marker</string>
      <string id="three_image_pause_audio">pause audio</string>
      <string id="three_image_pause_video">pause video</string>
      <string id="three_image_play_audio">play audio</string>
      <string id="three_image_play_video">play video</string>
      <string id="three_image_progress_audio">progress</string>
      <string id="three_image_progress_video">progress</string>
      <string id="three_image_tooltip">tooltip</string>
      <string id="three_image_total_item">%total% item</string>
      <string id="three_image_total_items">%total% items</string>
      <string id="three_image_video">video</string>
      <string id="three_image_video_volume">video volume</string>
      <string id="togglezoom">Toggle zoom to fit</string>
      <string id="transcript">Transcript</string>
      <string id="transcript_auto_scroll">Autoscroll</string>
      <string id="transcript_chk">Notes</string>
      <string id="transcript_show_timestamp">Show timestamps</string>
      <string id="video_transcript_resume_autoscroll">Resume autoscroll</string>
      <string id="video_transcript_select_track">Select track</string>
      <string id="video_transcript_title">Transcripts</string>
      <string id="zoom_to_fit">Zoom to fit</string>
      <string id="continue">Continue</string>
    </string_table>
  </string_tables>
  <fonts>
    <font name="Lato">
      <files>
        <file bold="true" italic="false" />
        <file bold="false" italic="false" />
      </files>
    </font>
    <font name="Calibri">
      <files>
        <file bold="false" italic="false" />
      </files>
    </font>
  </fonts>
  <sounds enabled="true" />
  <nav_data>
    <outline>
      <links>
        <slidelink slideid="_player.6CbeQEe4O25" displaytext="Student Performance" expand="true" type="slide">
          <links>
            <slidelink slideid="_player.6jQCxvRn8oJ" displaytext="Introduction" expand="true" type="slide">
              <links>
                <slidelink slideid="_player.6CbeQEe4O25.6LvHtZelAW9" displaytext="Student Performance" expand="false" type="slide" />
                <slidelink slideid="_player.6CbeQEe4O25.64XUWPHI8hT" displaytext="Overview" expand="false" type="slide" />
              </links>
            </slidelink>
            <slidelink slideid="_player.5u9QeYrDBZe" displaytext="Assessments and Cognitive Load" expand="true" type="slide">
              <links>
                <slidelink slideid="_player.6CbeQEe4O25.6o5zSYgLVUw" displaytext="Assessment Load" expand="false" type="slide" />
                <slidelink slideid="_player.6CbeQEe4O25.5gF0ylnEvUe" displaytext="Frequency of Assessments" expand="false" type="slide" />
                <slidelink slideid="_player.6CbeQEe4O25.6gdfXtDSWeK" displaytext="Cognitive Load" expand="false" type="slide" />
                <slidelink slideid="_player.6CbeQEe4O25.6FMu7JnEKxP" displaytext="Chunking" expand="false" type="slide" />
                <slidelink slideid="_player.6CbeQEe4O25.65035y0YIlv" displaytext="Scaffolding" expand="false" type="slide" />
              </links>
            </slidelink>
            <slidelink slideid="_player.6OPbO4aPl7X" displaytext="Barriers" expand="true" type="slide">
              <links>
                <slidelink slideid="_player.6CbeQEe4O25.6688RnIl8tq" displaytext="Equitable Access" expand="false" type="slide" />
                <slidelink slideid="_player.6CbeQEe4O25.5jYyDYUYN7t" displaytext="Creative Divide" expand="false" type="slide" />
              </links>
            </slidelink>
            <slidelink slideid="_player.60h4UqKpmBS" displaytext="Mitigation Strategies" expand="true" type="slide">
              <links>
                <slidelink slideid="_player.6CbeQEe4O25.68XlOhuhtFR" displaytext="Flexibility" expand="false" type="slide" />
                <slidelink slideid="_player.6CbeQEe4O25.6GlN07aKnYV" displaytext="Accessibility Features" expand="false" type="slide" />
                <slidelink slideid="_player.6CbeQEe4O25.6JinedauFja" displaytext="Extra Support" expand="false" type="slide" />
                <slidelink slideid="_player.6CbeQEe4O25.5fFgx4DJOQu" displaytext="Feedback" expand="false" type="slide" />
              </links>
            </slidelink>
            <slidelink slideid="_player.60RzlNIKqKk" displaytext="Learning Check" expand="true" type="slide">
              <links>
                <slidelink slideid="_player.6CbeQEe4O25.6Dd4rh0etd8" displaytext="Learning Check" expand="false" type="slide" />
                <slidelink slideid="_player.6CbeQEe4O25.5hYJKmtraE6" displaytext="Question 1" expand="false" type="slide" />
                <slidelink slideid="_player.6CbeQEe4O25.6maFZ3Ps66I" displaytext="Question 2" expand="false" type="slide" />
                <slidelink slideid="_player.6CbeQEe4O25.5WtESnXVL15" displaytext="Question 3" expand="false" type="slide" />
              </links>
            </slidelink>
            <slidelink slideid="_player.6WVYqny8XRV" displaytext="Conclusion" expand="true" type="slide">
              <links>
                <slidelink slideid="_player.6CbeQEe4O25.6TVh5oe5ZuM" displaytext="Takeways" expand="false" type="slide" />
              </links>
            </slidelink>
          </links>
        </slidelink>
      </links>
    </outline>
  </nav_data>
  <resource_data description="" />
  <transcript_data>
    <slidetranscripts>
      <slidetranscript slideid="6CbeQEe4O25.6LvHtZelAW9" slidebank="false" type="slide" noteswf="" notespng="" pathlib="Lib" pathindex="0">&lt;Document xmlns:xsd="http://www.w3.org/2001/XMLSchema" xmlns:xsi="http://www.w3.org/2001/XMLSchema-instance"&gt;
  &lt;Content&gt;
    &lt;Block&gt;
      &lt;Style LeadingMargin="0" FirstLineMargin="0" Justification="Left" ListLevel="1" LineSpacingRule="Multiple" LineSpacing="20" SpacingBefore="0" SpacingAfter="0"&gt;
        &lt;ListStyle ListType="None" ListTypeFormat="Plain" Start="0" Color="#000000,00" BulletChar="•" BulletFont="Arial"&gt;
          &lt;BulletPicture Size="0x0" /&gt;
        &lt;/ListStyle&gt;
      &lt;/Style&gt;
      &lt;Span Text="In this video we will be learning about how to optimize student performance on online assessments. "&gt;
        &lt;Style FontSize="14" ForegroundColor="lt1,00" LinkColor="lt1,00" /&gt;
      &lt;/Span&gt;
    &lt;/Block&gt;
  &lt;/Content&gt;
&lt;/Document&gt;</slidetranscript>
      <slidetranscript slideid="6CbeQEe4O25.64XUWPHI8hT" slidebank="false" type="slide" noteswf="" notespng="" pathlib="Lib" pathindex="1">&lt;Document xmlns:xsd="http://www.w3.org/2001/XMLSchema" xmlns:xsi="http://www.w3.org/2001/XMLSchema-instance"&gt;
  &lt;Content&gt;
    &lt;Block&gt;
      &lt;Style LeadingMargin="0" FirstLineMargin="0" Justification="Left" ListLevel="1" LineSpacingRule="Multiple" LineSpacing="20" SpacingBefore="0" SpacingAfter="0"&gt;
        &lt;ListStyle ListType="None" ListTypeFormat="Plain" Start="0" Color="#000000,00" BulletChar="•" BulletFont="Arial"&gt;
          &lt;BulletPicture Size="0x0" /&gt;
        &lt;/ListStyle&gt;
      &lt;/Style&gt;
      &lt;Span Text="Assessing student learning can be challenging in an online classroom, especially for those used to teaching in-person or adapting their in-person lessons for an online setting. There are a number of strategies that can help you to create or adapt assessments that can effectively maximize student learning . We will look at assessment and cognitive load, barriers to student success, and strategies to mitigate these challenges. "&gt;
        &lt;Style FontSize="14" ForegroundColor="lt1,00" LinkColor="lt1,00" /&gt;
      &lt;/Span&gt;
    &lt;/Block&gt;
  &lt;/Content&gt;
&lt;/Document&gt;</slidetranscript>
      <slidetranscript slideid="6CbeQEe4O25.6o5zSYgLVUw" slidebank="false" type="slide" noteswf="" notespng="" pathlib="Lib" pathindex="2">&lt;Document xmlns:xsd="http://www.w3.org/2001/XMLSchema" xmlns:xsi="http://www.w3.org/2001/XMLSchema-instance"&gt;
  &lt;Content&gt;
    &lt;Block&gt;
      &lt;Style LeadingMargin="0" FirstLineMargin="0" Justification="Left" ListLevel="1" LineSpacingRule="Multiple" LineSpacing="20" SpacingBefore="0" SpacingAfter="0"&gt;
        &lt;ListStyle ListType="None" ListTypeFormat="Plain" Start="0" Color="#000000,00" BulletChar="•" BulletFont="Arial"&gt;
          &lt;BulletPicture Size="0x0" /&gt;
        &lt;/ListStyle&gt;
      &lt;/Style&gt;
      &lt;Span Text="First, assessment load management is crucial for an online classroom. When designing online courses, it can be easy to include more written assessments, quizzes, and discussions to compensate for the lack of face-to-face interaction. This can overwhelm students, so consider the total number of assessments, their weight in the overall grade, and the time required for students to complete each assessment."&gt;
        &lt;Style FontSize="14" ForegroundColor="lt1,00" LinkColor="lt1,00" /&gt;
      &lt;/Span&gt;
    &lt;/Block&gt;
  &lt;/Content&gt;
&lt;/Document&gt;</slidetranscript>
      <slidetranscript slideid="6CbeQEe4O25.5gF0ylnEvUe" slidebank="false" type="slide" noteswf="" notespng="" pathlib="Lib" pathindex="3">&lt;Document xmlns:xsd="http://www.w3.org/2001/XMLSchema" xmlns:xsi="http://www.w3.org/2001/XMLSchema-instance"&gt;
  &lt;Content&gt;
    &lt;Block&gt;
      &lt;Style LeadingMargin="0" FirstLineMargin="0" Justification="Left" ListLevel="1" LineSpacingRule="Multiple" LineSpacing="20" SpacingBefore="0" SpacingAfter="0"&gt;
        &lt;ListStyle ListType="None" ListTypeFormat="Plain" Start="0" Color="#000000,00" BulletChar="•" BulletFont="Arial"&gt;
          &lt;BulletPicture Size="0x0" /&gt;
        &lt;/ListStyle&gt;
      &lt;/Style&gt;
      &lt;Span Text="It is also important to consider the frequency of assessments in an online classroom. Consider spacing out assessments throughout the course to avoid clustering multiple major assessments too close together. It is important to balance your assessment schedule with student workload across their other courses. "&gt;
        &lt;Style FontSize="14" ForegroundColor="lt1,00" LinkColor="lt1,00" /&gt;
      &lt;/Span&gt;
    &lt;/Block&gt;
  &lt;/Content&gt;
&lt;/Document&gt;</slidetranscript>
      <slidetranscript slideid="6CbeQEe4O25.6gdfXtDSWeK" slidebank="false" type="slide" noteswf="" notespng="" pathlib="Lib" pathindex="4">&lt;Document xmlns:xsd="http://www.w3.org/2001/XMLSchema" xmlns:xsi="http://www.w3.org/2001/XMLSchema-instance"&gt;
  &lt;Content&gt;
    &lt;Block&gt;
      &lt;Style LeadingMargin="0" FirstLineMargin="0" Justification="Left" ListLevel="1" LineSpacingRule="Multiple" LineSpacing="20" SpacingBefore="0" SpacingAfter="0"&gt;
        &lt;ListStyle ListType="None" ListTypeFormat="Plain" Start="0" Color="#000000,00" BulletChar="•" BulletFont="Arial"&gt;
          &lt;BulletPicture Size="0x0" /&gt;
        &lt;/ListStyle&gt;
      &lt;/Style&gt;
      &lt;Span Text="Like with in-person classes, it is important to minimize a student’s cognitive load. You can achieve this By providing clear and concise instruction, using a variety of assessment formats, and breaking down complex assessments into smaller, more manageable pieces. Assessment methods can include a mix of formative and summative assessments and can incorporate a range of assessment types like quizzes, discussion, projects and presentations. This reduces fatigue and provides a more comprehensive evaluation of student learning. "&gt;
        &lt;Style FontSize="14" ForegroundColor="lt1,00" LinkColor="lt1,00" /&gt;
      &lt;/Span&gt;
    &lt;/Block&gt;
  &lt;/Content&gt;
&lt;/Document&gt;</slidetranscript>
      <slidetranscript slideid="6CbeQEe4O25.6FMu7JnEKxP" slidebank="false" type="slide" noteswf="" notespng="" pathlib="Lib" pathindex="5">&lt;Document xmlns:xsd="http://www.w3.org/2001/XMLSchema" xmlns:xsi="http://www.w3.org/2001/XMLSchema-instance"&gt;
  &lt;Content&gt;
    &lt;Block&gt;
      &lt;Style StyleKey="Transcript Font" /&gt;
      &lt;Span Text="Chunking assessments is another effective strategy for reducing student stress and improving student performance. Break down large assignments into smaller more manageable tasks for students to complete. Provide regular check-ins and feedback throughout the process." /&gt;
    &lt;/Block&gt;
  &lt;/Content&gt;
&lt;/Document&gt;</slidetranscript>
      <slidetranscript slideid="6CbeQEe4O25.65035y0YIlv" slidebank="false" type="slide" noteswf="" notespng="" pathlib="Lib" pathindex="6">&lt;Document xmlns:xsd="http://www.w3.org/2001/XMLSchema" xmlns:xsi="http://www.w3.org/2001/XMLSchema-instance"&gt;
  &lt;Content&gt;
    &lt;Block&gt;
      &lt;Style StyleKey="Transcript Font" /&gt;
      &lt;Span Text="Scaffolding assessments is another valuable approach. Gradually increase the complexity of assessments throughout the course. Provide more guidance and support on early assessments, and gradually reduce scaffolding as students develop their skills and independence." /&gt;
    &lt;/Block&gt;
  &lt;/Content&gt;
&lt;/Document&gt;</slidetranscript>
      <slidetranscript slideid="6CbeQEe4O25.6688RnIl8tq" slidebank="false" type="slide" noteswf="" notespng="" pathlib="Lib" pathindex="7">&lt;Document xmlns:xsd="http://www.w3.org/2001/XMLSchema" xmlns:xsi="http://www.w3.org/2001/XMLSchema-instance"&gt;
  &lt;Content&gt;
    &lt;Block&gt;
      &lt;Style StyleKey="Transcript Font" /&gt;
      &lt;Span Text="Ensuring equitable access to technology and reliable Internet connectivity for all students is an important consideration when running an online classroom. Helping to reduce technical barriers by providing clear instructions on how to access and use online assessment platforms and offer technical support for students will lower barriers for all students. " /&gt;
    &lt;/Block&gt;
  &lt;/Content&gt;
&lt;/Document&gt;</slidetranscript>
      <slidetranscript slideid="6CbeQEe4O25.5jYyDYUYN7t" slidebank="false" type="slide" noteswf="" notespng="" pathlib="Lib" pathindex="8">&lt;Document xmlns:xsd="http://www.w3.org/2001/XMLSchema" xmlns:xsi="http://www.w3.org/2001/XMLSchema-instance"&gt;
  &lt;Content&gt;
    &lt;Block&gt;
      &lt;Style StyleKey="Transcript Font" /&gt;
      &lt;Span Text="While it’s important to try to reduce these physical technical barriers whenever possible, another less obvious technical barrier exists: the creative divide. This divide exists between those that only passively consume and those who actively create. You can encourage your students to use approved tech tools to create infographics, podcasts, YouTube videos, websites or other forms of creative media. You will learn more about this idea in the following module topics on engagement and universal design for learning." /&gt;
    &lt;/Block&gt;
  &lt;/Content&gt;
&lt;/Document&gt;</slidetranscript>
      <slidetranscript slideid="6CbeQEe4O25.68XlOhuhtFR" slidebank="false" type="slide" noteswf="" notespng="" pathlib="Lib" pathindex="9">&lt;Document xmlns:xsd="http://www.w3.org/2001/XMLSchema" xmlns:xsi="http://www.w3.org/2001/XMLSchema-instance"&gt;
  &lt;Content&gt;
    &lt;Block&gt;
      &lt;Style StyleKey="Transcript Font" /&gt;
      &lt;Span Text="Offering flexible submission options can accommodate diverse student needs and learning styles. Consider offering flexibility in terms of submission deadlines (within reason) and explore alternative submission formats such as audio recordings and video presentations." /&gt;
    &lt;/Block&gt;
  &lt;/Content&gt;
&lt;/Document&gt;</slidetranscript>
      <slidetranscript slideid="6CbeQEe4O25.6GlN07aKnYV" slidebank="false" type="slide" noteswf="" notespng="" pathlib="Lib" pathindex="10">&lt;Document xmlns:xsd="http://www.w3.org/2001/XMLSchema" xmlns:xsi="http://www.w3.org/2001/XMLSchema-instance"&gt;
  &lt;Content&gt;
    &lt;Block&gt;
      &lt;Style StyleKey="Transcript Font" /&gt;
      &lt;Span Text="Part of lowering barriers in technological access includes choosing online assessment platforms with accessibility features, such as screen reader compatibility and text to speech options. Providing alternative formats for assessments when necessary, such as audio versions of readings, can also help make your classroom more equitable. Be aware of common device compatibility problems such as browser compatibility issues, outdated software, and hardware limitations. To mitigate these issues, provide clear instructions on compatible devices and browsers." /&gt;
    &lt;/Block&gt;
  &lt;/Content&gt;
&lt;/Document&gt;</slidetranscript>
      <slidetranscript slideid="6CbeQEe4O25.6JinedauFja" slidebank="false" type="slide" noteswf="" notespng="" pathlib="Lib" pathindex="11">&lt;Document xmlns:xsd="http://www.w3.org/2001/XMLSchema" xmlns:xsi="http://www.w3.org/2001/XMLSchema-instance"&gt;
  &lt;Content&gt;
    &lt;Block&gt;
      &lt;Style StyleKey="Transcript Font" /&gt;
      &lt;Span Text="In an online classroom, it is also helpful to provide additional support mechanisms, such as study guides, sample questions, and practice assessments for students to use at their own pace. To further support students, you can create opportunities for students to ask questions, like office hours for them to attend virtually when they need clarification or help." /&gt;
    &lt;/Block&gt;
  &lt;/Content&gt;
&lt;/Document&gt;</slidetranscript>
      <slidetranscript slideid="6CbeQEe4O25.5fFgx4DJOQu" slidebank="false" type="slide" noteswf="" notespng="" pathlib="Lib" pathindex="12">&lt;Document xmlns:xsd="http://www.w3.org/2001/XMLSchema" xmlns:xsi="http://www.w3.org/2001/XMLSchema-instance"&gt;
  &lt;Content&gt;
    &lt;Block&gt;
      &lt;Style StyleKey="Transcript Font" /&gt;
      &lt;Span Text="Timely and constructive feedback is essential for student learning. Utilize online tools for providing feedback, such as annotation tools and Learning Management System (LMS) feedback mechanisms. Incorporate both automated and personalized feedback." /&gt;
    &lt;/Block&gt;
  &lt;/Content&gt;
&lt;/Document&gt;</slidetranscript>
      <slidetranscript slideid="6CbeQEe4O25.6TVh5oe5ZuM" slidebank="false" type="slide" noteswf="" notespng="" pathlib="Lib" pathindex="13">&lt;Document xmlns:xsd="http://www.w3.org/2001/XMLSchema" xmlns:xsi="http://www.w3.org/2001/XMLSchema-instance"&gt;
  &lt;Content&gt;
    &lt;Block&gt;
      &lt;Style StyleKey="Transcript Font" /&gt;
      &lt;Span Text="By carefully planning your online assessments and considering these strategies, you can create a more equitable, engaging, and effective learning experience for all students." /&gt;
    &lt;/Block&gt;
  &lt;/Content&gt;
&lt;/Document&gt;</slidetranscript>
    </slidetranscripts>
  </transcript_data>
  <glossary_data />
</bwFrame>