﻿<?xml version="1.0" encoding="utf-8" standalone="no"?>
<manifest identifier="_6iolSCBCIoY" version="1.3" xmlns="http://www.imsglobal.org/xsd/imscp_v1p1" xmlns:adlcp="http://www.adlnet.org/xsd/adlcp_v1p3" xmlns:adlseq="http://www.adlnet.org/xsd/adlseq_v1p3" xmlns:adlnav="http://www.adlnet.org/xsd/adlnav_v1p3" xmlns:imsss="http://www.imsglobal.org/xsd/imsss" xmlns:xsi="http://www.w3.org/2001/XMLSchema-instance" xmlns:lom="http://ltsc.ieee.org/xsd/LOM" xsi:schemaLocation="http://www.imsglobal.org/xsd/imscp_v1p1 imscp_v1p1.xsd
                              http://www.adlnet.org/xsd/adlcp_v1p3 adlcp_v1p3.xsd
                              http://www.adlnet.org/xsd/adlseq_v1p3 adlseq_v1p3.xsd
                              http://www.adlnet.org/xsd/adlnav_v1p3 adlnav_v1p3.xsd
							  http://www.imsglobal.org/xsd/imsss imsss_v1p0.xsd
							  http://ltsc.ieee.org/xsd/LOM lom.xsd">
  <metadata>
    <schema>ADL SCORM</schema>
    <schemaversion>2004 4th Edition</schemaversion>
    <adlcp:location>metadata.xml</adlcp:location>
  </metadata>
  <organizations default="Promoting_Active_Participation_in_the_Online_Classroom_ORG">
    <organization identifier="Promoting_Active_Participation_in_the_Online_Classroom_ORG" adlseq:objectivesGlobalToSystem="false">
      <title>Promoting Active Participation in the Online Classroom</title>
      <item identifier="Promoting_Active_Participation_in_the_Online_Classroom_SCO" identifierref="__6iolSCBCIoY_RES" isvisible="true">
        <title>Promoting Active Participation in the Online Classroom</title>
        <imsss:sequencing>
          <imsss:deliveryControls tracked="true" completionSetByContent="true" objectiveSetByContent="true" />
        </imsss:sequencing>
      </item>
      <metadata>
        <adlcp:location>metadata.xml</adlcp:location>
      </metadata>
      <imsss:sequencing>
        <imsss:controlMode choice="true" flow="true" />
      </imsss:sequencing>
    </organization>
  </organizations>
  <resources>
    <resource identifier="__6iolSCBCIoY_RES" type="webcontent" adlcp:scormType="sco" href="index_lms.html">
      <file href="story_content/thumbnail.jpg" />
      <file href="story_content/video_677PypYripJ_64_460x604.hls/main.m3u8" />
      <file href="story_content/video_677PypYripJ_64_460x604.hls/stream_0.m3u8" />
      <file href="story_content/video_677PypYripJ_64_460x604.hls/stream_0data000000.ts" />
      <file href="story_content/video_677PypYripJ_64_460x604.hls/stream_0data000001.ts" />
      <file href="story_content/video_677PypYripJ_64_460x604.hls/stream_0data000002.ts" />
      <file href="story_content/video_677PypYripJ_64_460x604.hls/stream_0data000003.ts" />
      <file href="story_content/video_677PypYripJ_64_460x604.hls/stream_0data000004.ts" />
      <file href="story_content/video_677PypYripJ_64_460x604.hls/stream_0data000005.ts" />
      <file href="story_content/video_677PypYripJ_64_460x604.hls/stream_0data000006.ts" />
      <file href="story_content/video_677PypYripJ_64_460x604.hls/stream_0data000007.ts" />
      <file href="story_content/video_677PypYripJ_64_460x604.hls/stream_1.m3u8" />
      <file href="story_content/video_677PypYripJ_64_460x604.hls/stream_1data000000.ts" />
      <file href="story_content/video_677PypYripJ_64_460x604.hls/stream_1data000001.ts" />
      <file href="story_content/video_677PypYripJ_64_460x604.hls/stream_1data000002.ts" />
      <file href="story_content/video_677PypYripJ_64_460x604.hls/stream_1data000003.ts" />
      <file href="story_content/video_677PypYripJ_64_460x604.hls/stream_1data000004.ts" />
      <file href="story_content/video_677PypYripJ_64_460x604.hls/stream_1data000005.ts" />
      <file href="story_content/video_677PypYripJ_64_460x604.hls/stream_1data000006.ts" />
      <file href="story_content/video_677PypYripJ_64_460x604.hls/stream_2.m3u8" />
      <file href="story_content/video_677PypYripJ_64_460x604.hls/stream_2data000000.ts" />
      <file href="story_content/video_677PypYripJ_64_460x604.hls/stream_2data000001.ts" />
      <file href="story_content/video_677PypYripJ_64_460x604.hls/stream_2data000002.ts" />
      <file href="story_content/video_677PypYripJ_64_460x604.hls/stream_2data000003.ts" />
      <file href="story_content/video_677PypYripJ_64_460x604.hls/stream_2data000004.ts" />
      <file href="story_content/video_677PypYripJ_64_460x604.hls/stream_2data000005.ts" />
      <file href="story_content/video_677PypYripJ_64_460x604.hls/stream_2data000006.ts" />
      <file href="story_content/video_677PypYripJ_64_460x604.hls/stream_3.m3u8" />
      <file href="story_content/video_677PypYripJ_64_460x604.hls/stream_3data000000.ts" />
      <file href="story_content/video_677PypYripJ_64_460x604.hls/stream_3data000001.ts" />
      <file href="story_content/video_677PypYripJ_64_460x604.hls/stream_3data000002.ts" />
      <file href="story_content/video_677PypYripJ_64_460x604.hls/stream_3data000003.ts" />
      <file href="story_content/video_677PypYripJ_64_460x604.hls/stream_3data000004.ts" />
      <file href="story_content/video_677PypYripJ_64_460x604.hls/stream_3data000005.ts" />
      <file href="story_content/video_677PypYripJ_64_460x604.hls/stream_3data000006.ts" />
      <file href="mobile/poster_6M1IdlfSq2C_main.jpg" />
      <file href="mobile/6CB3JaCXQJR.png" />
      <file href="mobile/5b9ERuiiaS5.png" />
      <file href="story_content/683hRtT9sRz_44100_64_0.mp3" />
      <file href="story_content/5sEKG2lfCnH_captions.js" />
      <file href="story_content/6P471XXCNVH_44100_64_0.mp3" />
      <file href="story_content/5XzLv1Tc05F_captions.js" />
      <file href="mobile/6FkBCmerq35.png" />
      <file href="mobile/60qn575feUW.png" />
      <file href="mobile/68szo47lItI.png" />
      <file href="story_content/5uWrV65tuW3_44100_64_0.mp3" />
      <file href="story_content/6ml7OUChIa9_captions.js" />
      <file href="mobile/6flHkUJU3vn.png" />
      <file href="story_content/5t4aVTFPxFl_44100_64_0.mp3" />
      <file href="story_content/5rpFEujWu8Y_captions.js" />
      <file href="mobile/5xL4jo4q6Pb.png" />
      <file href="mobile/6MVr8eRoh3g.png" />
      <file href="mobile/639T1EXNoZj.png" />
      <file href="story_content/6XAriDjHWtG_44100_64_0.mp3" />
      <file href="story_content/5fr73ztLO0q_captions.js" />
      <file href="mobile/5ooQJPwp9Kt.png" />
      <file href="mobile/63WoeGdDEMe.png" />
      <file href="mobile/6mdhvpDu3Dz.png" />
      <file href="mobile/6mFN7eLNYuL.png" />
      <file href="mobile/6E1CM90Cm48.png" />
      <file href="mobile/65AtRlHZakJ.png" />
      <file href="story_content/6AV4Vf0tJM5_44100_64_0.mp3" />
      <file href="story_content/6iltJErJHXv_captions.js" />
      <file href="mobile/6RWqxORFXw6.png" />
      <file href="mobile/68gFVSTHYvO.png" />
      <file href="mobile/6r13MpgEN0h.png" />
      <file href="story_content/68xAQa46yde_44100_64_0.mp3" />
      <file href="story_content/67B7ipzXhOK_captions.js" />
      <file href="story_content/6TTtm0eo2O6_44100_64_0.mp3" />
      <file href="story_content/6psO2KscCMj_captions.js" />
      <file href="mobile/6W796Vry9Iu.png" />
      <file href="mobile/5aYZmvZGUug.png" />
      <file href="mobile/5spw4fWd73X.png" />
      <file href="mobile/6Wnji3zvirN.png" />
      <file href="story_content/6QohuPzwRBm_44100_64_0.mp3" />
      <file href="story_content/6l3h5k2B02I_captions.js" />
      <file href="meta.xml" />
      <file href="story_content/triggers.js" />
      <file href="story_content/user.js" />
      <file href="mobile/txt__default_5vTyFl54Gu3.png" />
      <file href="mobile/txt__default_5psItrwihg8.png" />
      <file href="mobile/Shape66sjQT8HDsH.png" />
      <file href="html5/data/css/output.min.css" />
      <file href="html5/data/js/5iwokgi32kb.js" />
      <file href="html5/data/js/5mQtPP3ZSKZ.js" />
      <file href="html5/data/js/6AConzV38CR.js" />
      <file href="html5/data/js/6BTnWllXuGU.js" />
      <file href="html5/data/js/6dNHEWevgtz.js" />
      <file href="html5/data/js/6fLcxhzHmRp.js" />
      <file href="html5/data/js/6FQIWFYi5Gd.js" />
      <file href="html5/data/js/6Gx7cNoiBAU.js" />
      <file href="html5/data/js/6hByeOmFGo6.js" />
      <file href="html5/data/js/6Ig1DsobD1y.js" />
      <file href="html5/data/js/6kAjAcvvJBs.js" />
      <file href="html5/data/js/6L7NN4WQIyO.js" />
      <file href="html5/data/js/6nfBA8Im4mU.js" />
      <file href="html5/data/js/6SUukaFVzU6.js" />
      <file href="html5/data/js/data.js" />
      <file href="html5/data/js/frame.js" />
      <file href="html5/data/js/paths.js" />
      <file href="html5/lib/hls/hls.min.js" />
      <file href="html5/lib/scripts/bootstrapper.min.js" />
      <file href="html5/lib/scripts/frame.desktop.min.js" />
      <file href="html5/lib/scripts/frame.mobile.min.js" />
      <file href="html5/lib/scripts/slides.min.js" />
      <file href="html5/lib/stylesheets/desktop.min.css" />
      <file href="html5/lib/stylesheets/mobile.min.css" />
      <file href="html5/lib/stylesheets/mobile-fonts/open-sans-bold.woff" />
      <file href="html5/lib/stylesheets/mobile-fonts/open-sans-light.woff" />
      <file href="html5/lib/stylesheets/mobile-fonts/open-sans-regular.woff" />
      <file href="analytics-frame.html" />
      <file href="story.html" />
      <file href="index_lms.html" />
      <file href="lms/AICCComm.html" />
      <file href="lms/blank.html" />
      <file href="lms/browsersniff.js" />
      <file href="lms/goodbye.html" />
      <file href="lms/scormdriver.js" />
    </resource>
  </resources>
</manifest>