<?xml version="1.0" encoding="utf-8"?>
<bwFrame xmlns:xsd="http://www.w3.org/2001/XMLSchema" xmlns:xsi="http://www.w3.org/2001/XMLSchema-instance" default_layout="npxnabnsnfns10111001101" textdirection="ltr" textengine="DirectWrite" device="false" fontscale="100" captionFontScale="125" kbshortcuts="false" skip_nav_enabled="true" chromeless="false" outputtype="undefined" theme="unified" themeAccentColor="0x4FBDF4">
  <layouts>
    <layout name="npnxnanbsnfns10111001101" font="Lato" controllayout="npnxnanbsnfns10111001101" colorscheme="npxnabnsnfns10111001101" string_table="npxnabnsnfns10111001101" />
    <layout name="pxabnsnfns10111001101" font="Lato" controllayout="pxabnsnfns10111001101" colorscheme="npxnabnsnfns10111001101" string_table="npxnabnsnfns10111001101" />
    <layout name="npxnabnsnfns10111001101" font="Lato" controllayout="npxnabnsnfns10111001101" colorscheme="npxnabnsnfns10111001101" string_table="npxnabnsnfns10111001101" />
    <layout name="npnxnanbnsnfns10111001101" font="Lato" controllayout="npnxnanbnsnfns10111001101" colorscheme="npxnabnsnfns10111001101" string_table="npxnabnsnfns10111001101" />
    <layout name="pxabnsnfns10111001100" font="Lato" controllayout="pxabnsnfns10111001100" colorscheme="npxnabnsnfns10111001101" string_table="npxnabnsnfns10111001101" />
    <layout name="npnxnanbnsnfns00001000101" font="Lato" controllayout="npnxnanbnsnfns00001000101" colorscheme="npxnabnsnfns10111001101" string_table="npxnabnsnfns10111001101" />
    <layout name="pxabnsnfns00001000101" font="Lato" controllayout="pxabnsnfns00001000101" colorscheme="npxnabnsnfns10111001101" string_table="npxnabnsnfns10111001101" />
    <layout name="pnxanbnsnfns10111001101" font="Lato" controllayout="pnxanbnsnfns10111001101" colorscheme="npxnabnsnfns10111001101" string_table="npxnabnsnfns10111001101" />
  </layouts>
  <control_options>
    <optiongroups>
      <optiongroup name="sidebaroptions">
        <options>
          <option name="title_enabled" value="true">
            <options>
              <option name="title_text" value="Building Community" />
            </options>
          </option>
          <option name="logo_enabled" value="false">
            <options />
          </option>
          <option name="sidebar_enabled" value="true">
            <options>
              <option name="sidebarpos" value="left" />
              <option name="closed" value="true" />
            </options>
          </option>
          <optionlist name="tabs">
            <listitems>
              <listitem name="resources" value="false" group="linkright" />
              <listitem name="outline" value="true" group="sidebar" />
              <listitem name="glossary" value="false" group="sidebar" />
              <listitem name="transcript" value="true" group="sidebar" />
            </listitems>
          </optionlist>
          <option name="time_enabled" value="false">
            <options>
              <option name="time_format" value="" />
            </options>
          </option>
          <option name="video_enabled" value="false">
            <options>
              <option name="height" value="135" />
            </options>
          </option>
          <option name="logoAltText" />
        </options>
      </optiongroup>
      <optiongroup name="menuoptions">
        <options>
          <option name="flow" value="restricted" />
          <option name="wraplistitems" value="true" />
          <option name="tooltips" value="true" />
          <option name="autocollapse" value="true" />
          <option name="autonumber" value="false" />
          <option name="enableresultsicons" value="true" />
        </options>
      </optiongroup>
      <optiongroup name="controls">
        <options>
          <option name="volume" value="true" />
          <option name="seekbar" value="true">
            <options>
              <option name="readonly" value="false" />
              <option name="readonlyOnce" value="false" />
            </options>
          </option>
          <option name="pauseplay" value="true" />
          <option name="replay" value="true" />
          <option name="search" value="false" />
          <option name="closed_captions" value="true" />
          <option name="settings" value="true" />
          <option name="fullScreenToggle" value="true" />
          <option name="playbackSpeedControl" value="true" />
        </options>
      </optiongroup>
      <optiongroup name="bottombaroptions">
        <options>
          <option name="bottombar_enabled" value="true" />
        </options>
      </optiongroup>
      <optiongroup name="buttonoptions">
        <options>
          <option name="next" value="icontext" />
          <option name="previous" value="icontext" />
          <option name="submit" value="icontext" />
        </options>
      </optiongroup>
      <optiongroup name="ccOptions">
        <options>
          <option name="font" value="Lato" />
          <option name="size" value="125" />
          <option name="placement" value="100" />
          <option name="backgroundColor" value="#000000FF" />
          <option name="color" value="#FFFFFFFF" />
        </options>
      </optiongroup>
    </optiongroups>
  </control_options>
  <control_layouts>
    <control_layout name="npnxnanbsnfns10111001101">
      <control name="volume" enabled="true" />
      <control name="seekbar" enabled="true" />
      <control name="replay" enabled="true" />
      <control name="pauseplay" enabled="true" />
      <control name="logo" enabled="false" />
      <control name="previous" enabled="false" />
      <control name="next" enabled="false" />
      <control name="swipeleft" enabled="false" />
      <control name="swiperight" enabled="false" />
      <control name="fullScreenToggle" enabled="true" />
      <control name="playbackSpeedControl" enabled="true" />
      <control name="submit" enabled="true" />
      <control name="finish" enabled="false" />
      <control name="submitall" enabled="false" />
      <control name="resources" enabled="false" />
      <control name="glossary" enabled="false" />
      <control name="transcript" enabled="true" />
      <control name="outline" enabled="true">
        <controls>
          <control name="search" enabled="false" />
        </controls>
      </control>
      <control name="close_btn" enabled="true" />
    </control_layout>
    <control_layout name="pxabnsnfns10111001101">
      <control name="volume" enabled="true" />
      <control name="seekbar" enabled="true" />
      <control name="replay" enabled="true" />
      <control name="pauseplay" enabled="true" />
      <control name="logo" enabled="false" />
      <control name="previous" enabled="true" />
      <control name="next" enabled="true" />
      <control name="swipeleft" enabled="true" />
      <control name="swiperight" enabled="true" />
      <control name="fullScreenToggle" enabled="true" />
      <control name="playbackSpeedControl" enabled="true" />
      <control name="submit" enabled="false" />
      <control name="finish" enabled="false" />
      <control name="submitall" enabled="false" />
      <control name="resources" enabled="false" />
      <control name="glossary" enabled="false" />
      <control name="transcript" enabled="true" />
      <control name="outline" enabled="true">
        <controls>
          <control name="search" enabled="false" />
        </controls>
      </control>
      <control name="close_btn" enabled="true" />
    </control_layout>
    <control_layout name="npxnabnsnfns10111001101">
      <control name="volume" enabled="true" />
      <control name="seekbar" enabled="true" />
      <control name="replay" enabled="true" />
      <control name="pauseplay" enabled="true" />
      <control name="logo" enabled="false" />
      <control name="previous" enabled="false" />
      <control name="next" enabled="true" />
      <control name="swipeleft" enabled="false" />
      <control name="swiperight" enabled="true" />
      <control name="fullScreenToggle" enabled="true" />
      <control name="playbackSpeedControl" enabled="true" />
      <control name="submit" enabled="false" />
      <control name="finish" enabled="false" />
      <control name="submitall" enabled="false" />
      <control name="resources" enabled="false" />
      <control name="glossary" enabled="false" />
      <control name="transcript" enabled="true" />
      <control name="outline" enabled="true">
        <controls>
          <control name="search" enabled="false" />
        </controls>
      </control>
      <control name="close_btn" enabled="true" />
    </control_layout>
    <control_layout name="npnxnanbnsnfns10111001101">
      <control name="volume" enabled="true" />
      <control name="seekbar" enabled="true" />
      <control name="replay" enabled="true" />
      <control name="pauseplay" enabled="true" />
      <control name="logo" enabled="false" />
      <control name="previous" enabled="false" />
      <control name="next" enabled="false" />
      <control name="swipeleft" enabled="false" />
      <control name="swiperight" enabled="false" />
      <control name="fullScreenToggle" enabled="true" />
      <control name="playbackSpeedControl" enabled="true" />
      <control name="submit" enabled="false" />
      <control name="finish" enabled="false" />
      <control name="submitall" enabled="false" />
      <control name="resources" enabled="false" />
      <control name="glossary" enabled="false" />
      <control name="transcript" enabled="true" />
      <control name="outline" enabled="true">
        <controls>
          <control name="search" enabled="false" />
        </controls>
      </control>
      <control name="close_btn" enabled="true" />
    </control_layout>
    <control_layout name="pxabnsnfns10111001100">
      <control name="volume" enabled="true" />
      <control name="seekbar" enabled="true" />
      <control name="replay" enabled="true" />
      <control name="pauseplay" enabled="true" />
      <control name="logo" enabled="false" />
      <control name="previous" enabled="true" />
      <control name="next" enabled="true" />
      <control name="swipeleft" enabled="true" />
      <control name="swiperight" enabled="true" />
      <control name="fullScreenToggle" enabled="true" />
      <control name="playbackSpeedControl" enabled="true" />
      <control name="submit" enabled="false" />
      <control name="finish" enabled="false" />
      <control name="submitall" enabled="false" />
      <control name="resources" enabled="false" />
      <control name="glossary" enabled="false" />
      <control name="transcript" enabled="true" />
      <control name="outline" enabled="true">
        <controls>
          <control name="search" enabled="false" />
        </controls>
      </control>
      <control name="close_btn" enabled="false" />
    </control_layout>
    <control_layout name="npnxnanbnsnfns00001000101">
      <control name="volume" enabled="true" />
      <control name="seekbar" enabled="false" />
      <control name="replay" enabled="false" />
      <control name="pauseplay" enabled="false" />
      <control name="logo" enabled="false" />
      <control name="previous" enabled="false" />
      <control name="next" enabled="false" />
      <control name="swipeleft" enabled="false" />
      <control name="swiperight" enabled="false" />
      <control name="fullScreenToggle" enabled="true" />
      <control name="playbackSpeedControl" enabled="true" />
      <control name="submit" enabled="false" />
      <control name="finish" enabled="false" />
      <control name="submitall" enabled="false" />
      <control name="resources" enabled="false" />
      <control name="glossary" enabled="false" />
      <control name="transcript" enabled="false" />
      <control name="outline" enabled="true">
        <controls>
          <control name="search" enabled="false" />
        </controls>
      </control>
      <control name="close_btn" enabled="true" />
    </control_layout>
    <control_layout name="pxabnsnfns00001000101">
      <control name="volume" enabled="true" />
      <control name="seekbar" enabled="false" />
      <control name="replay" enabled="false" />
      <control name="pauseplay" enabled="false" />
      <control name="logo" enabled="false" />
      <control name="previous" enabled="true" />
      <control name="next" enabled="true" />
      <control name="swipeleft" enabled="true" />
      <control name="swiperight" enabled="true" />
      <control name="fullScreenToggle" enabled="true" />
      <control name="playbackSpeedControl" enabled="true" />
      <control name="submit" enabled="false" />
      <control name="finish" enabled="false" />
      <control name="submitall" enabled="false" />
      <control name="resources" enabled="false" />
      <control name="glossary" enabled="false" />
      <control name="transcript" enabled="false" />
      <control name="outline" enabled="true">
        <controls>
          <control name="search" enabled="false" />
        </controls>
      </control>
      <control name="close_btn" enabled="true" />
    </control_layout>
    <control_layout name="pnxanbnsnfns10111001101">
      <control name="volume" enabled="true" />
      <control name="seekbar" enabled="true" />
      <control name="replay" enabled="true" />
      <control name="pauseplay" enabled="true" />
      <control name="logo" enabled="false" />
      <control name="previous" enabled="true" />
      <control name="next" enabled="false" />
      <control name="swipeleft" enabled="true" />
      <control name="swiperight" enabled="false" />
      <control name="fullScreenToggle" enabled="true" />
      <control name="playbackSpeedControl" enabled="true" />
      <control name="submit" enabled="false" />
      <control name="finish" enabled="false" />
      <control name="submitall" enabled="false" />
      <control name="resources" enabled="false" />
      <control name="glossary" enabled="false" />
      <control name="transcript" enabled="true" />
      <control name="outline" enabled="true">
        <controls>
          <control name="search" enabled="false" />
        </controls>
      </control>
      <control name="close_btn" enabled="true" />
    </control_layout>
  </control_layouts>
  <colorschemes>
    <colorscheme name="npxnabnsnfns10111001101">
      <color_group name="accessibility">
        <group_colors>
          <color name="focus_rect">
            <fill type="linear" rotation="90">
              <colors>
                <color rgb="0xFFFF00" alpha="100" stop="0" />
              </colors>
            </fill>
          </color>
          <color name="focus_rect_secondary">
            <fill type="linear" rotation="90">
              <colors>
                <color rgb="0x002060" alpha="100" stop="0" />
              </colors>
            </fill>
          </color>
        </group_colors>
      </color_group>
      <color_group name="HTML">
        <group_colors>
          <color name="htmlpage_bg_color">
            <fill type="linear" rotation="90">
              <colors>
                <color rgb="0x254061" alpha="100" stop="0" />
              </colors>
            </fill>
          </color>
          <color name="preloader">
            <fill type="linear" rotation="90">
              <colors>
                <color rgb="0xFFFFFF" alpha="100" stop="0" />
              </colors>
            </fill>
          </color>
        </group_colors>
      </color_group>
      <color_group name="infopanel">
        <group_colors>
          <color name="link_text">
            <fill type="linear" rotation="90">
              <colors>
                <color rgb="0xBABBBA" alpha="100" stop="0" />
              </colors>
            </fill>
          </color>
          <color name="link_hover">
            <fill type="linear" rotation="90">
              <colors>
                <color rgb="0xFFFFFF" alpha="100" stop="0" />
              </colors>
            </fill>
          </color>
          <color name="shadow">
            <fill type="linear" rotation="90">
              <colors>
                <color rgb="0x000000" alpha="0" stop="0" />
              </colors>
            </fill>
          </color>
          <color name="bg">
            <fill type="linear" rotation="90">
              <colors>
                <color rgb="0xFFFFFF" alpha="100" stop="0" />
              </colors>
            </fill>
          </color>
          <color name="name_text">
            <fill type="linear" rotation="90">
              <colors>
                <color rgb="0x444444" alpha="100" stop="0" />
              </colors>
            </fill>
          </color>
          <color name="title_text">
            <fill type="linear" rotation="90">
              <colors>
                <color rgb="0x999999" alpha="100" stop="0" />
              </colors>
            </fill>
          </color>
        </group_colors>
      </color_group>
      <color_group name="infopanelpopup">
        <group_colors>
          <color name="link_text">
            <fill type="linear" rotation="90">
              <colors>
                <color rgb="0xFF0000" alpha="100" stop="0" />
              </colors>
            </fill>
          </color>
          <color name="link_hover">
            <fill type="linear" rotation="90">
              <colors>
                <color rgb="0xFFFFFF" alpha="100" stop="0" />
              </colors>
            </fill>
          </color>
          <color name="bg">
            <fill type="linear" rotation="90">
              <colors>
                <color rgb="0x000000" alpha="0" stop="0" />
              </colors>
            </fill>
          </color>
          <color name="shadow">
            <fill type="linear" rotation="90">
              <colors>
                <color rgb="0x000000" alpha="0" stop="0" />
              </colors>
            </fill>
          </color>
          <color name="name_text">
            <fill type="linear" rotation="90">
              <colors>
                <color rgb="0xFFFFFF" alpha="100" stop="0" />
              </colors>
            </fill>
          </color>
          <color name="bio_text">
            <fill type="linear" rotation="90">
              <colors>
                <color rgb="0xBABBBA" alpha="100" stop="0" />
              </colors>
            </fill>
          </color>
        </group_colors>
      </color_group>
      <color_group name="timer">
        <group_colors>
          <color name="duration">
            <fill type="linear" rotation="90">
              <colors>
                <color rgb="0x3C3C3C" alpha="100" stop="0" />
              </colors>
            </fill>
          </color>
          <color name="elapsed">
            <fill type="linear" rotation="90">
              <colors>
                <color rgb="0xFEE347" alpha="100" stop="0" />
              </colors>
            </fill>
          </color>
          <color name="stroke">
            <fill type="linear" rotation="90">
              <colors>
                <color rgb="0xC7C7C7" alpha="100" stop="0" />
              </colors>
            </fill>
          </color>
          <color name="inner">
            <fill type="linear" rotation="90">
              <colors>
                <color rgb="0xFFFFFF" alpha="100" stop="0" />
              </colors>
            </fill>
          </color>
          <color name="text">
            <fill type="linear" rotation="90">
              <colors>
                <color rgb="0xBABBBA" alpha="100" stop="0" />
              </colors>
            </fill>
          </color>
        </group_colors>
      </color_group>
      <color_group name="window">
        <group_colors>
          <color name="text">
            <fill type="linear" rotation="90">
              <colors>
                <color rgb="0xF8F8F8" alpha="100" stop="0" />
              </colors>
            </fill>
          </color>
          <color name="btn_text">
            <fill type="linear" rotation="90">
              <colors>
                <color rgb="0xF8F8F8" alpha="100" stop="0" />
              </colors>
            </fill>
          </color>
          <color name="inner">
            <fill type="linear" rotation="90">
              <colors>
                <color rgb="0x316300" alpha="0" stop="0" />
              </colors>
            </fill>
          </color>
          <color name="bg">
            <fill type="linear" rotation="90">
              <colors>
                <color rgb="0x213A57" alpha="100" stop="0" />
              </colors>
            </fill>
          </color>
          <color name="diva">
            <fill type="linear" rotation="90">
              <colors>
                <color rgb="0x4E4E4E" alpha="100" stop="0" />
              </colors>
            </fill>
          </color>
          <color name="divb">
            <fill type="linear" rotation="90">
              <colors>
                <color rgb="0x4E4E4E" alpha="0" stop="0" />
              </colors>
            </fill>
          </color>
          <color name="shadow">
            <fill type="linear" rotation="90">
              <colors>
                <color rgb="0x000000" alpha="20" stop="0" />
              </colors>
            </fill>
          </color>
          <color name="border">
            <fill type="linear" rotation="90">
              <colors>
                <color rgb="0x355D8B" alpha="100" stop="0" />
              </colors>
            </fill>
          </color>
          <color name="separator">
            <fill type="linear" rotation="90">
              <colors>
                <color rgb="0xFFFFFF" alpha="100" stop="0" />
              </colors>
            </fill>
          </color>
          <color name="selected_border">
            <fill type="linear" rotation="90">
              <colors>
                <color rgb="0xFFFFFF" alpha="100" stop="0" />
              </colors>
            </fill>
          </color>
        </group_colors>
      </color_group>
      <color_group name="editor">
        <group_colors>
          <color name="slide_text">
            <fill type="linear" rotation="90">
              <colors>
                <color rgb="0xE2E2E2" alpha="100" stop="0" />
              </colors>
            </fill>
          </color>
          <color name="html_text">
            <fill type="linear" rotation="90">
              <colors>
                <color rgb="0xBABBBA" alpha="100" stop="0" />
              </colors>
            </fill>
          </color>
          <color name="btn_text_shadow">
            <fill type="linear" rotation="90">
              <colors>
                <color rgb="0x000000" alpha="0" stop="0" />
              </colors>
            </fill>
          </color>
          <color name="btn_text">
            <fill type="linear" rotation="90">
              <colors>
                <color rgb="0xFFFFFF" alpha="100" stop="0" />
              </colors>
            </fill>
          </color>
          <color name="btn_border">
            <fill type="linear" rotation="90">
              <colors>
                <color rgb="0xD3D3D3" alpha="100" stop="0" />
              </colors>
            </fill>
          </color>
          <color name="btn_hover">
            <fill type="linear" rotation="90">
              <colors>
                <color rgb="0x444444" alpha="100" stop="0" />
              </colors>
            </fill>
          </color>
          <color name="btn_down">
            <fill type="linear" rotation="90">
              <colors>
                <color rgb="0x444444" alpha="100" stop="0" />
              </colors>
            </fill>
          </color>
          <color name="btn_bg">
            <fill type="linear" rotation="90">
              <colors>
                <color rgb="0x222222" alpha="100" stop="0" />
              </colors>
            </fill>
          </color>
        </group_colors>
      </color_group>
      <color_group name="listitem">
        <group_colors>
          <color name="scene_text">
            <fill type="linear" rotation="90">
              <colors>
                <color rgb="0xF8F8F8" alpha="100" stop="0" />
              </colors>
            </fill>
          </color>
          <color name="selected_text">
            <fill type="linear" rotation="90" />
          </color>
          <color name="shadow">
            <fill type="linear" rotation="90" />
          </color>
          <color name="selected">
            <fill type="linear" rotation="90" />
          </color>
          <color name="text">
            <fill type="linear" rotation="90">
              <colors>
                <color rgb="0xBABBBA" alpha="100" stop="0" />
              </colors>
            </fill>
          </color>
          <color name="viewed">
            <fill type="linear" rotation="90">
              <colors>
                <color rgb="0xBABBBA" alpha="100" stop="0" />
              </colors>
            </fill>
          </color>
          <color name="hover">
            <fill type="linear" rotation="90">
              <colors>
                <color rgb="0xFFFFFF" alpha="6" stop="0" />
              </colors>
            </fill>
          </color>
          <color name="lines">
            <fill type="linear" rotation="90" />
          </color>
          <color name="selected_hover_border">
            <fill type="linear" rotation="90">
              <colors>
                <color rgb="0x6C6C6C" alpha="100" stop="0" />
              </colors>
            </fill>
          </color>
        </group_colors>
      </color_group>
      <color_group name="glossary">
        <group_colors>
          <color name="selected_text">
            <fill type="linear" rotation="90">
              <colors>
                <color rgb="0xFFFFFF" alpha="100" stop="0" />
              </colors>
            </fill>
          </color>
          <color name="selected">
            <fill type="linear" rotation="90">
              <colors>
                <color rgb="0xFFFFFF" alpha="100" stop="0" />
              </colors>
            </fill>
          </color>
          <color name="text">
            <fill type="linear" rotation="90">
              <colors>
                <color rgb="0xBABBBA" alpha="100" stop="0" />
              </colors>
            </fill>
          </color>
          <color name="hover">
            <fill type="linear" rotation="90">
              <colors>
                <color rgb="0xBABBBA" alpha="100" stop="0" />
              </colors>
            </fill>
          </color>
          <color name="heading_text">
            <fill type="linear" rotation="90">
              <colors>
                <color rgb="0xF8F8F8" alpha="100" stop="0" />
              </colors>
            </fill>
          </color>
          <color name="diva">
            <fill type="linear" rotation="90">
              <colors>
                <color rgb="0x000000" alpha="0" stop="0" />
              </colors>
            </fill>
          </color>
          <color name="divb">
            <fill type="linear" rotation="90">
              <colors>
                <color rgb="0x000000" alpha="0" stop="0" />
              </colors>
            </fill>
          </color>
          <color name="divc">
            <fill type="linear" rotation="90">
              <colors>
                <color rgb="0x000000" alpha="0" stop="0" />
              </colors>
            </fill>
          </color>
          <color name="bg">
            <fill type="linear" rotation="90">
              <colors>
                <color rgb="0x000000" alpha="0" stop="0" />
              </colors>
            </fill>
          </color>
        </group_colors>
      </color_group>
      <color_group name="notes">
        <group_colors>
          <color name="text">
            <fill type="linear" rotation="90">
              <colors>
                <color rgb="0xBABBBA" alpha="100" stop="0" />
              </colors>
            </fill>
          </color>
        </group_colors>
      </color_group>
      <color_group name="resource">
        <group_colors>
          <color name="separator">
            <fill type="linear" rotation="90">
              <colors>
                <color rgb="0x000000" alpha="0" stop="0" />
              </colors>
            </fill>
          </color>
          <color name="hover">
            <fill type="linear" rotation="90">
              <colors>
                <color rgb="0xFFFFFF" alpha="6" stop="0" />
              </colors>
            </fill>
          </color>
        </group_colors>
      </color_group>
      <color_group name="outline">
        <group_colors>
          <color name="search_hover">
            <fill type="linear" rotation="90">
              <colors>
                <color rgb="0x000000" alpha="0" stop="0" />
              </colors>
            </fill>
          </color>
          <color name="search_text">
            <fill type="linear" rotation="90">
              <colors>
                <color rgb="0x2D2D2D" alpha="100" stop="0" />
              </colors>
            </fill>
          </color>
          <color name="divc">
            <fill type="linear" rotation="90">
              <colors>
                <color rgb="0x000000" alpha="0" stop="0" />
              </colors>
            </fill>
          </color>
          <color name="divb">
            <fill type="linear" rotation="90">
              <colors>
                <color rgb="0x000000" alpha="0" stop="0" />
              </colors>
            </fill>
          </color>
          <color name="diva">
            <fill type="linear" rotation="90">
              <colors>
                <color rgb="0x000000" alpha="0" stop="0" />
              </colors>
            </fill>
          </color>
        </group_colors>
      </color_group>
      <color_group name="transcript">
        <group_colors>
          <color name="heading_text">
            <fill type="linear" rotation="90">
              <colors>
                <color rgb="0xFFFFFF" alpha="100" stop="0" />
              </colors>
            </fill>
          </color>
          <color name="div">
            <fill type="linear" rotation="90">
              <colors>
                <color rgb="0x000000" alpha="0" stop="0" />
              </colors>
            </fill>
          </color>
        </group_colors>
      </color_group>
      <color_group name="tabs">
        <group_colors>
          <color name="shadow">
            <fill type="linear" rotation="90">
              <colors>
                <color rgb="0x000000" alpha="0" stop="0" />
              </colors>
            </fill>
          </color>
          <color name="hover">
            <fill type="linear" rotation="90">
              <colors>
                <color rgb="0xF8F8F8" alpha="100" stop="0" />
              </colors>
            </fill>
          </color>
          <color name="selected">
            <fill type="linear" rotation="90">
              <colors>
                <color rgb="0xF8F8F8" alpha="100" stop="0" />
              </colors>
            </fill>
          </color>
          <color name="text">
            <fill type="linear" rotation="90">
              <colors>
                <color rgb="0xBABBBA" alpha="100" stop="0" />
              </colors>
            </fill>
          </color>
          <color name="bg">
            <fill type="linear" rotation="90">
              <colors>
                <color rgb="0x000000" alpha="0" stop="0" />
              </colors>
            </fill>
          </color>
          <color name="panel_bg">
            <fill type="linear" rotation="90">
              <colors>
                <color rgb="0x213A57" alpha="100" stop="0" />
              </colors>
            </fill>
          </color>
          <color name="bottom_border">
            <fill type="linear" rotation="90">
              <colors>
                <color rgb="0x6C6C6C" alpha="100" stop="0" />
              </colors>
            </fill>
          </color>
        </group_colors>
      </color_group>
      <color_group name="seekcontrol">
        <group_colors>
          <color name="btn_icon_color">
            <fill type="linear" rotation="90">
              <colors>
                <color rgb="0xB4B4B4" alpha="100" stop="0" />
              </colors>
            </fill>
          </color>
          <color name="seek_position">
            <fill type="linear" rotation="90">
              <colors>
                <color rgb="0xFFFFFF" alpha="60" stop="0" />
              </colors>
            </fill>
          </color>
          <color name="seek_bg">
            <fill type="linear" rotation="90">
              <colors>
                <color rgb="0x6C6C6C" alpha="100" stop="0" />
              </colors>
            </fill>
          </color>
          <color name="seek_border">
            <fill type="linear" rotation="90">
              <colors>
                <color rgb="0x000000" alpha="0" stop="0" />
              </colors>
            </fill>
          </color>
          <color name="border">
            <fill type="linear" rotation="90">
              <colors>
                <color rgb="0x000000" alpha="0" stop="0" />
              </colors>
            </fill>
          </color>
          <color name="bg">
            <fill type="linear" rotation="90">
              <colors>
                <color rgb="0x000000" alpha="0" stop="0" />
              </colors>
            </fill>
          </color>
          <color name="btn_icon_hover">
            <fill type="linear" rotation="90">
              <colors>
                <color rgb="0xFFFFFF" alpha="100" stop="0" />
              </colors>
            </fill>
          </color>
          <color name="btn_icon_shadow">
            <fill type="linear" rotation="90">
              <colors>
                <color rgb="0x000000" alpha="0" stop="0" />
              </colors>
            </fill>
          </color>
        </group_colors>
      </color_group>
      <color_group name="searchinput">
        <group_colors>
          <color name="text_active">
            <fill type="linear" rotation="90">
              <colors>
                <color rgb="0xF8F8F8" alpha="100" stop="0" />
              </colors>
            </fill>
          </color>
          <color name="bg_active">
            <fill type="linear" rotation="90">
              <colors>
                <color rgb="0x292929" alpha="100" stop="0" />
              </colors>
            </fill>
          </color>
          <color name="search_text">
            <fill type="linear" rotation="90">
              <colors>
                <color rgb="0xBABBBA" alpha="100" stop="0" />
              </colors>
            </fill>
          </color>
          <color name="hover_glow">
            <fill type="linear" rotation="90">
              <colors>
                <color rgb="0x457E13" alpha="0" stop="0" />
              </colors>
            </fill>
          </color>
          <color name="button_hover">
            <fill type="linear" rotation="90">
              <colors>
                <color rgb="0x3F8500" alpha="100" stop="0" />
              </colors>
            </fill>
          </color>
          <color name="icon">
            <fill type="linear" rotation="90">
              <colors>
                <color rgb="0xBABBBA" alpha="100" stop="0" />
              </colors>
            </fill>
          </color>
          <color name="border">
            <fill type="linear" rotation="90">
              <colors>
                <color rgb="0x000000" alpha="0" stop="0" />
              </colors>
            </fill>
          </color>
          <color name="outer_border">
            <fill type="linear" rotation="90">
              <colors>
                <color rgb="0x6C6C6C" alpha="100" stop="0" />
              </colors>
            </fill>
          </color>
          <color name="bg">
            <fill type="linear" rotation="90">
              <colors>
                <color rgb="0xFFFFFF" alpha="6" stop="0" />
              </colors>
            </fill>
          </color>
          <color name="bg_in_tab">
            <fill type="linear" rotation="90">
              <colors>
                <color rgb="0x545454" alpha="100" stop="0" />
              </colors>
            </fill>
          </color>
        </group_colors>
      </color_group>
      <color_group name="scrollarea">
        <group_colors>
          <color name="detailb">
            <fill type="linear" rotation="90">
              <colors>
                <color rgb="0x6AA242" alpha="100" stop="0" />
              </colors>
            </fill>
          </color>
          <color name="detaila">
            <fill type="linear" rotation="90">
              <colors>
                <color rgb="0x2A5400" alpha="100" stop="0" />
              </colors>
            </fill>
          </color>
          <color name="shadow">
            <fill type="linear" rotation="90">
              <colors>
                <color rgb="0x275000" alpha="100" stop="0" />
              </colors>
            </fill>
          </color>
          <color name="icons">
            <fill type="linear" rotation="90">
              <colors>
                <color rgb="0xFFFFFF" alpha="100" stop="0" />
              </colors>
            </fill>
          </color>
          <color name="button_border">
            <fill type="linear" rotation="90">
              <colors>
                <color rgb="0x2A5500" alpha="100" stop="0" />
              </colors>
            </fill>
          </color>
          <color name="button_inner">
            <fill type="linear" rotation="90">
              <colors>
                <color rgb="0x4B8A16" alpha="100" stop="0" />
              </colors>
            </fill>
          </color>
          <color name="button_bg">
            <fill type="linear" rotation="90">
              <colors>
                <color rgb="0xB3B4B3" alpha="75" stop="0" />
              </colors>
            </fill>
          </color>
          <color name="button_bg_hover">
            <fill type="linear" rotation="90">
              <colors>
                <color rgb="0xB3B4B3" alpha="75" stop="0" />
              </colors>
            </fill>
          </color>
          <color name="border">
            <fill type="linear" rotation="90">
              <colors>
                <color rgb="0x479901" alpha="100" stop="0" />
              </colors>
            </fill>
          </color>
          <color name="bg">
            <fill type="linear" rotation="0">
              <colors>
                <color rgb="0x366F00" alpha="100" stop="0" />
              </colors>
            </fill>
          </color>
        </group_colors>
      </color_group>
      <color_group name="menu">
        <group_colors>
          <color name="shadow">
            <fill type="linear" rotation="90">
              <colors>
                <color rgb="0x000000" alpha="0" stop="0" />
              </colors>
            </fill>
          </color>
          <color name="bg">
            <fill type="linear" rotation="90">
              <colors>
                <color rgb="0x213A57" alpha="100" stop="0" />
              </colors>
            </fill>
          </color>
          <color name="generic_shadow">
            <fill type="linear" rotation="90">
              <colors>
                <color rgb="0x000000" alpha="94" stop="0" />
              </colors>
            </fill>
          </color>
          <color name="right_shadow">
            <fill type="linear" rotation="0">
              <colors>
                <color rgb="0x000000" alpha="0" stop="0" />
                <color rgb="0x000000" alpha="30" stop="255" />
              </colors>
            </fill>
          </color>
          <color name="border">
            <fill type="linear" rotation="90">
              <colors>
                <color rgb="0x355D8B" alpha="100" stop="0" />
              </colors>
            </fill>
          </color>
        </group_colors>
      </color_group>
      <color_group name="logo">
        <group_colors>
          <color name="shadow">
            <fill type="linear" rotation="90">
              <colors>
                <color rgb="0x254B00" alpha="100" stop="0" />
              </colors>
            </fill>
          </color>
          <color name="bg">
            <fill type="linear" rotation="90">
              <colors>
                <color rgb="0xFFFFFF" alpha="0" stop="0" />
              </colors>
            </fill>
          </color>
        </group_colors>
      </color_group>
      <color_group name="checkbox">
        <group_colors>
          <color name="hover">
            <fill type="linear" rotation="90">
              <colors>
                <color rgb="0xAFDD82" alpha="100" stop="0" />
              </colors>
            </fill>
          </color>
          <color name="text">
            <fill type="linear" rotation="90">
              <colors>
                <color rgb="0xFFFFFF" alpha="100" stop="0" />
              </colors>
            </fill>
          </color>
          <color name="check">
            <fill type="linear" rotation="90">
              <colors>
                <color rgb="0x2BC400" alpha="100" stop="0" />
              </colors>
            </fill>
          </color>
          <color name="bg">
            <fill type="linear" rotation="90">
              <colors>
                <color rgb="0xFFFFFF" alpha="100" stop="0" />
              </colors>
            </fill>
          </color>
          <color name="border">
            <fill type="linear" rotation="90">
              <colors>
                <color rgb="0x2A5300" alpha="100" stop="0" />
              </colors>
            </fill>
          </color>
        </group_colors>
      </color_group>
      <color_group name="button">
        <group_colors>
          <color name="btn_icon_color">
            <fill type="linear" rotation="90">
              <colors>
                <color rgb="0xBABBBA" alpha="100" stop="0" />
              </colors>
            </fill>
          </color>
          <color name="btn_text_shadow">
            <fill type="linear" rotation="90">
              <colors>
                <color rgb="0x000000" alpha="0" stop="0" />
              </colors>
            </fill>
          </color>
          <color name="btn_text">
            <fill type="linear" rotation="90">
              <colors>
                <color rgb="0xBABBBA" alpha="100" stop="0" />
              </colors>
            </fill>
          </color>
          <color name="btn_border">
            <fill type="linear" rotation="90">
              <colors>
                <color rgb="0x000000" alpha="0" stop="0" />
              </colors>
            </fill>
          </color>
          <color name="btn_hover">
            <fill type="linear" rotation="90">
              <colors>
                <color rgb="0xF8F8F8" alpha="100" stop="0" />
              </colors>
            </fill>
          </color>
          <color name="btn_down">
            <fill type="linear" rotation="90">
              <colors>
                <color rgb="0x000000" alpha="0" stop="0" />
              </colors>
            </fill>
          </color>
          <color name="btn_bg">
            <fill type="linear" rotation="90">
              <colors>
                <color rgb="0x000000" alpha="0" stop="0" />
              </colors>
            </fill>
          </color>
          <color name="btn_glow">
            <fill type="linear" rotation="90">
              <colors>
                <color rgb="0x000000" alpha="0" stop="0" />
              </colors>
            </fill>
          </color>
          <color name="btn_on_dark_background">
            <fill type="linear" rotation="90">
              <colors>
                <color rgb="0xBABBBA" alpha="100" stop="0" />
              </colors>
            </fill>
          </color>
          <color name="btn_on_dark_background_hover">
            <fill type="linear" rotation="90">
              <colors>
                <color rgb="0xF8F8F8" alpha="100" stop="0" />
              </colors>
            </fill>
          </color>
        </group_colors>
      </color_group>
      <color_group name="base">
        <group_colors>
          <color name="brandhighlight">
            <fill type="linear" rotation="90">
              <colors>
                <color rgb="0x4FBDF4" alpha="100" stop="0" />
              </colors>
            </fill>
          </color>
          <color name="brandhighlight_secondary">
            <fill type="linear" rotation="90">
              <colors>
                <color rgb="0xFFFFFF" alpha="100" stop="0" />
              </colors>
            </fill>
          </color>
          <color name="text">
            <fill type="linear" rotation="90">
              <colors>
                <color rgb="0xBABBBA" alpha="100" stop="0" />
              </colors>
            </fill>
          </color>
          <color name="text_hover">
            <fill type="linear" rotation="90">
              <colors>
                <color rgb="0xF8F8F8" alpha="100" stop="0" />
              </colors>
            </fill>
          </color>
          <color name="text_selected">
            <fill type="linear" rotation="90">
              <colors>
                <color rgb="0xF8F8F8" alpha="100" stop="0" />
              </colors>
            </fill>
          </color>
          <color name="diva">
            <fill type="linear" rotation="90">
              <colors>
                <color rgb="0x355D8B" alpha="100" stop="0" />
              </colors>
            </fill>
          </color>
          <color name="divb">
            <fill type="linear" rotation="90">
              <colors>
                <color rgb="0x000000" alpha="0" stop="0" />
              </colors>
            </fill>
          </color>
          <color name="menu_shade">
            <fill type="linear" rotation="90">
              <colors>
                <color rgb="0x213A57" alpha="100" stop="0" />
              </colors>
            </fill>
          </color>
          <color name="border">
            <fill type="linear" rotation="90">
              <colors>
                <color rgb="0x254061" alpha="100" stop="0" />
              </colors>
            </fill>
          </color>
          <color name="bg">
            <fill type="linear" rotation="90">
              <colors>
                <color rgb="0x254061" alpha="100" stop="0" />
              </colors>
            </fill>
          </color>
          <color name="slide_bg">
            <fill type="linear" rotation="90">
              <colors>
                <color rgb="0x254061" alpha="100" stop="0" />
              </colors>
            </fill>
          </color>
          <color name="overlay_message">
            <fill type="linear" rotation="90">
              <colors>
                <color rgb="0x000000" alpha="85" stop="0" />
              </colors>
            </fill>
          </color>
          <color name="selected_bg">
            <fill type="linear" rotation="90">
              <colors>
                <color rgb="0xFFFFFF" alpha="6" stop="0" />
              </colors>
            </fill>
          </color>
          <color name="selected_border">
            <fill type="linear" rotation="90">
              <colors>
                <color rgb="0x6C6C6C" alpha="100" stop="0" />
              </colors>
            </fill>
          </color>
          <color name="separator">
            <fill type="linear" rotation="90">
              <colors>
                <color rgb="0x454545" alpha="100" stop="0" />
              </colors>
            </fill>
          </color>
          <color name="control_border">
            <fill type="linear" rotation="90">
              <colors>
                <color rgb="0x6C6C6C" alpha="100" stop="0" />
              </colors>
            </fill>
          </color>
        </group_colors>
      </color_group>
      <color_group name="settings">
        <group_colors>
          <color name="panel_bg">
            <fill type="linear" rotation="90">
              <colors>
                <color rgb="0x213A57" alpha="100" stop="0" />
              </colors>
            </fill>
          </color>
          <color name="panel_shadow">
            <fill type="linear" rotation="90">
              <colors>
                <color rgb="0x000000" alpha="35" stop="0" />
              </colors>
            </fill>
          </color>
          <color name="toggle_border">
            <fill type="linear" rotation="90">
              <colors>
                <color rgb="0x7C7C7C" alpha="100" stop="0" />
              </colors>
            </fill>
          </color>
          <color name="toggle_thumb_off">
            <fill type="linear" rotation="90">
              <colors>
                <color rgb="0xA2A2A2" alpha="100" stop="0" />
              </colors>
            </fill>
          </color>
          <color name="toggle_track_on">
            <fill type="linear" rotation="90">
              <colors>
                <color rgb="0x4FBDF4" alpha="100" stop="0" />
              </colors>
            </fill>
          </color>
          <color name="toggle_track_off">
            <fill type="linear" rotation="90">
              <colors>
                <color rgb="0xFFFFFF" alpha="10" stop="0" />
              </colors>
            </fill>
          </color>
          <color name="toggle_label">
            <fill type="linear" rotation="90">
              <colors>
                <color rgb="0xBABBBA" alpha="100" stop="0" />
              </colors>
            </fill>
          </color>
          <color name="settings_border_color">
            <fill type="linear" rotation="90">
              <colors>
                <color rgb="0x355D8B" alpha="100" stop="0" />
              </colors>
            </fill>
          </color>
        </group_colors>
      </color_group>
      <color_group name="volume">
        <group_colors>
          <color name="panel_bg">
            <fill type="linear" rotation="90">
              <colors>
                <color rgb="0x213A57" alpha="100" stop="0" />
              </colors>
            </fill>
          </color>
          <color name="thumb_border">
            <fill type="linear" rotation="90">
              <colors>
                <color rgb="0x2B5500" alpha="100" stop="0" />
              </colors>
            </fill>
          </color>
          <color name="thumb_inner">
            <fill type="linear" rotation="90">
              <colors>
                <color rgb="0x2B5500" alpha="100" stop="0" />
              </colors>
            </fill>
          </color>
          <color name="thumb_bg">
            <fill type="linear" rotation="90">
              <colors>
                <color rgb="0xFFFFFF" alpha="100" stop="0" />
              </colors>
            </fill>
          </color>
          <color name="slider_border">
            <fill type="linear" rotation="90">
              <colors>
                <color rgb="0x428C01" alpha="100" stop="0" />
              </colors>
            </fill>
          </color>
          <color name="slider_bg">
            <fill type="linear" rotation="0">
              <colors>
                <color rgb="0x6C6C6C" alpha="100" stop="0" />
              </colors>
            </fill>
          </color>
          <color name="slider_shadow">
            <fill type="linear" rotation="90">
              <colors>
                <color rgb="0x000000" alpha="40" stop="0" />
              </colors>
            </fill>
          </color>
          <color name="volume_border_color">
            <fill type="linear" rotation="90">
              <colors>
                <color rgb="0x355D8B" alpha="100" stop="0" />
              </colors>
            </fill>
          </color>
        </group_colors>
      </color_group>
    </colorscheme>
  </colorschemes>
  <string_tables>
    <string_table name="npxnabnsnfns10111001101">
      <string id="acc_cc_hide">Hide captions (Ctrl+Alt+C)</string>
      <string id="acc_cc_show">Show captions (Ctrl+Alt+C)</string>
      <string id="acc_enter_fullscreen">Enter full-screen (Ctrl+Alt+F)</string>
      <string id="acc_exit_fullscreen">Exit full-screen (Ctrl+Alt+F)</string>
      <string id="acc_locked">locked</string>
      <string id="acc_modern_video_captions">video captions</string>
      <string id="acc_modern_video_fullscreen">full-screen video</string>
      <string id="acc_modern_video_mute">mute video</string>
      <string id="acc_modern_video_pause">pause video</string>
      <string id="acc_modern_video_pip">picture-in-picture</string>
      <string id="acc_modern_video_play">play video</string>
      <string id="acc_modern_video_playback_speed">playback speed</string>
      <string id="acc_modern_video_settings">video settings</string>
      <string id="acc_modern_video_transcript">Open</string>
      <string id="acc_modern_video_volume">video volume</string>
      <string id="acc_mute">Mute (Ctrl+Alt+M)</string>
      <string id="acc_next">Next (Ctrl+Alt+Period)</string>
      <string id="acc_next_visual">Next (Ctrl+Alt+.)</string>
      <string id="acc_pause">Pause (Ctrl+Alt+P)</string>
      <string id="acc_play">Play (Ctrl+Alt+P)</string>
      <string id="acc_playback_speed">Playback speed</string>
      <string id="acc_previous">Previous (Ctrl+Alt+Comma)</string>
      <string id="acc_previous_visual">Previous (Ctrl+Alt+,)</string>
      <string id="acc_replay">Replay (Ctrl+Alt+R)</string>
      <string id="acc_search_input">search</string>
      <string id="acc_settings">Settings</string>
      <string id="acc_skipnavigation">Back to top</string>
      <string id="acc_slide_progress">slide progress</string>
      <string id="acc_submit">Submit (Ctrl+Alt+S)</string>
      <string id="acc_three_image_count_of_total_item_visited">%count% of %total% item visited</string>
      <string id="acc_three_image_count_of_total_items_visited">%count% of %total% items visited</string>
      <string id="acc_three_image_step_count_of_total">step %count% of %total%</string>
      <string id="acc_unmute">Unmute (Ctrl+Alt+M)</string>
      <string id="acc_video_transcript_list">Transcript</string>
      <string id="acc_visited">visited</string>
      <string id="acc_window_close">Close</string>
      <string id="acc_window_move">Move window</string>
      <string id="acc_window_options">Options</string>
      <string id="acc_window_resize">Resize window</string>
      <string id="accessible_text">Accessible text</string>
      <string id="acctext_shortcut">Toggle accessible text</string>
      <string id="action">Action</string>
      <string id="alt_key">Alt</string>
      <string id="background_audio">Background audio</string>
      <string id="background_audio_shortcut">Toggle background audio</string>
      <string id="clear">Clear and return to menu</string>
      <string id="close">Close</string>
      <string id="closed_captions">Captions</string>
      <string id="closedcaptions_shortcut">Toggle captions</string>
      <string id="continueresponsive">Continue</string>
      <string id="ctrl_key">Ctrl</string>
      <string id="desktop_start">Start Course</string>
      <string id="disabled_orientation">Please rotate your device</string>
      <string id="enable_keyboardshortcuts">Enable keyboard shortcuts</string>
      <string id="filter">Filter</string>
      <string id="fullscreen_shortcut">Toggle full-screen</string>
      <string id="glossary">Glossary</string>
      <string id="keyboardshortcuts">Keyboard Shortcuts</string>
      <string id="keyboardshortcuts_lower">Keyboard shortcuts</string>
      <string id="mobile_start">Start Course</string>
      <string id="modern_video_captions_label">Captions</string>
      <string id="modern_video_captions_off">Off</string>
      <string id="modern_video_captions_on">On</string>
      <string id="modern_video_normal_speed">Normal</string>
      <string id="modern_video_playback_settings">Video Playback Settings</string>
      <string id="modern_video_playback_speed_title">Playback Speed</string>
      <string id="modern_video_settings_close">close video settings</string>
      <string id="mute_shortcut">Mute / unmute</string>
      <string id="next">NEXT</string>
      <string id="next_shortcut">Next</string>
      <string id="outline">Menu</string>
      <string id="playback_speed_normal">Normal</string>
      <string id="playback_speed_title">Playback Speed</string>
      <string id="playpause_shortcut">Play / pause</string>
      <string id="prev">PREV</string>
      <string id="previous_shortcut">Previous</string>
      <string id="progress_hour">hour</string>
      <string id="progress_hours">hours</string>
      <string id="progress_minute">minute</string>
      <string id="progress_minutes">minutes</string>
      <string id="progress_second">second</string>
      <string id="progress_seconds">seconds</string>
      <string id="replay_shortcut">Replay</string>
      <string id="resources">Resources</string>
      <string id="restart">Restart</string>
      <string id="resume">Resume</string>
      <string id="search">Search...</string>
      <string id="search_in">Search in:</string>
      <string id="search_results">Search Results</string>
      <string id="search_toggle">Search</string>
      <string id="shift_key">Shift</string>
      <string id="shortcut">Shortcut</string>
      <string id="shortcuthelp">List keyboard shortcuts</string>
      <string id="sidebar_toggle">Sidebar Toggle</string>
      <string id="slide_text_chk">Slide Text</string>
      <string id="streaming_video_local_playback_learn_more">Learn More</string>
      <string id="streaming_video_local_playback_republish">To watch this video, use the preview feature in Storyline 360, upload your published output to a server, publish to Review 360, or switch to static video quality.</string>
      <string id="streaming_video_local_playback_title">Streaming video is unavailable for local playback.</string>
      <string id="submit">SUBMIT</string>
      <string id="submit_shortcut">Submit</string>
      <string id="terms">Terms</string>
      <string id="three_image_audio">audio</string>
      <string id="three_image_camera_down">camera moved down</string>
      <string id="three_image_camera_left">camera moved left</string>
      <string id="three_image_camera_right">camera moved right</string>
      <string id="three_image_camera_up">camera moved up</string>
      <string id="three_image_count_of_total">%count% of %total%</string>
      <string id="three_image_count_of_total_visited">%count% of %total% visited</string>
      <string id="three_image_hotspot">hotspot</string>
      <string id="three_image_instructions">Use the w, a, s, and d keys to move around the 360 degree image. Press the tab key to jump to interactive markers and hotspots.</string>
      <string id="three_image_interaction">360 degree image interaction</string>
      <string id="three_image_interaction_free">free exploration mode</string>
      <string id="three_image_interaction_guided">guided tour mode</string>
      <string id="three_image_interaction_next">next</string>
      <string id="three_image_interaction_prev">previous</string>
      <string id="three_image_label">label</string>
      <string id="three_image_marker">marker</string>
      <string id="three_image_pause_audio">pause audio</string>
      <string id="three_image_pause_video">pause video</string>
      <string id="three_image_play_audio">play audio</string>
      <string id="three_image_play_video">play video</string>
      <string id="three_image_progress_audio">progress</string>
      <string id="three_image_progress_video">progress</string>
      <string id="three_image_tooltip">tooltip</string>
      <string id="three_image_total_item">%total% item</string>
      <string id="three_image_total_items">%total% items</string>
      <string id="three_image_video">video</string>
      <string id="three_image_video_volume">video volume</string>
      <string id="togglezoom">Toggle zoom to fit</string>
      <string id="transcript">Transcript</string>
      <string id="transcript_auto_scroll">Autoscroll</string>
      <string id="transcript_chk">Notes</string>
      <string id="transcript_show_timestamp">Show timestamps</string>
      <string id="video_transcript_resume_autoscroll">Resume autoscroll</string>
      <string id="video_transcript_select_track">Select track</string>
      <string id="video_transcript_title">Transcripts</string>
      <string id="zoom_to_fit">Zoom to fit</string>
      <string id="continue">Continue</string>
    </string_table>
  </string_tables>
  <fonts>
    <font name="Lato">
      <files>
        <file bold="true" italic="false" />
        <file bold="false" italic="false" />
      </files>
    </font>
    <font name="Calibri">
      <files>
        <file bold="false" italic="false" />
      </files>
    </font>
  </fonts>
  <sounds enabled="true" />
  <nav_data>
    <outline>
      <links>
        <slidelink slideid="_player.6P2DBq2uMGX" displaytext="Building Community" expand="true" type="slide">
          <links>
            <slidelink slideid="_player.5pVL8hC8Nyk" displaytext="Introduction" expand="true" type="slide">
              <links>
                <slidelink slideid="_player.6P2DBq2uMGX.6V8BAYkoXFl" displaytext="Community" expand="false" type="slide" />
                <slidelink slideid="_player.6P2DBq2uMGX.5fZXr808kZf" displaytext="Overview" expand="false" type="slide" />
              </links>
            </slidelink>
            <slidelink slideid="_player.6l5r5vFwTZz" displaytext="Building Community" expand="true" type="slide">
              <links>
                <slidelink slideid="_player.6P2DBq2uMGX.5cj5NiVYO7J" displaytext="Connection" expand="false" type="slide" />
                <slidelink slideid="_player.6P2DBq2uMGX.6OXeFIq8Sjf" displaytext="Communication" expand="false" type="slide" />
                <slidelink slideid="_player.6P2DBq2uMGX.6H4JmvRfnX1" displaytext="Social Interactions" expand="false" type="slide" />
                <slidelink slideid="_player.6P2DBq2uMGX.5eHt7ijRFdw" displaytext="Building Community" expand="false" type="slide" />
              </links>
            </slidelink>
            <slidelink slideid="_player.6QcPrK4rIIY" displaytext="Leveraging Technology" expand="true" type="slide">
              <links>
                <slidelink slideid="_player.6P2DBq2uMGX.6WcOV9NJzu3" displaytext="Technology" expand="false" type="slide" />
                <slidelink slideid="_player.6P2DBq2uMGX.5iGlp9y7N5g" displaytext="Model Positive Behavior" expand="false" type="slide" />
                <slidelink slideid="_player.6P2DBq2uMGX.5rUVXa6Aj1S" displaytext="Inclusivity" expand="false" type="slide" />
              </links>
            </slidelink>
            <slidelink slideid="_player.6TlaaU7zLbs" displaytext="Learning Check" expand="true" type="slide">
              <links>
                <slidelink slideid="_player.6P2DBq2uMGX.676ruGdtlp7" displaytext="Learning Check" expand="false" type="slide" />
                <slidelink slideid="_player.6P2DBq2uMGX.6iZjEjwfkfp" displaytext="Question 1" expand="false" type="slide" />
                <slidelink slideid="_player.6P2DBq2uMGX.5r3nLhXugEP" displaytext="Question 2" expand="false" type="slide" />
                <slidelink slideid="_player.6P2DBq2uMGX.6ar1kgopATs" displaytext="Question 3" expand="false" type="slide" />
              </links>
            </slidelink>
            <slidelink slideid="_player.5kaooG0eXzn" displaytext="Conclusion" expand="true" type="slide">
              <links>
                <slidelink slideid="_player.6P2DBq2uMGX.6YAH7e18Xov" displaytext="Takeaways" expand="false" type="slide" />
              </links>
            </slidelink>
          </links>
        </slidelink>
      </links>
    </outline>
  </nav_data>
  <resource_data description="" />
  <transcript_data>
    <slidetranscripts>
      <slidetranscript slideid="6P2DBq2uMGX.6V8BAYkoXFl" slidebank="false" type="slide" noteswf="" notespng="" pathlib="Lib" pathindex="0">&lt;Document xmlns:xsd="http://www.w3.org/2001/XMLSchema" xmlns:xsi="http://www.w3.org/2001/XMLSchema-instance"&gt;
  &lt;Content&gt;
    &lt;Block&gt;
      &lt;Style StyleKey="white" /&gt;
      &lt;Span Text="In this lecture we will examine the topic of community in an online classroom." /&gt;
    &lt;/Block&gt;
  &lt;/Content&gt;
&lt;/Document&gt;</slidetranscript>
      <slidetranscript slideid="6P2DBq2uMGX.5fZXr808kZf" slidebank="false" type="slide" noteswf="" notespng="" pathlib="Lib" pathindex="1">&lt;Document xmlns:xsd="http://www.w3.org/2001/XMLSchema" xmlns:xsi="http://www.w3.org/2001/XMLSchema-instance"&gt;
  &lt;Content&gt;
    &lt;Block&gt;
      &lt;Style StyleKey="white" /&gt;
      &lt;Span Text="Today let’s examine why building a strong online community is essential for student success and explore practical ways to achieve it. We'll cover creating a welcoming atmosphere, facilitating interaction, fostering shared purpose, and leveraging technology to help you build community in your classroom. " /&gt;
    &lt;/Block&gt;
  &lt;/Content&gt;
&lt;/Document&gt;</slidetranscript>
      <slidetranscript slideid="6P2DBq2uMGX.5cj5NiVYO7J" slidebank="false" type="slide" noteswf="" notespng="" pathlib="Lib" pathindex="2">&lt;Document xmlns:xsd="http://www.w3.org/2001/XMLSchema" xmlns:xsi="http://www.w3.org/2001/XMLSchema-instance"&gt;
  &lt;Content&gt;
    &lt;Block&gt;
      &lt;Style StyleKey="white" /&gt;
      &lt;Span Text="A thriving online community significantly impacts student motivation and engagement. When students feel connected to their classmates and instructors, they are more likely to be motivated to learn, participate actively in class activities, and persist even when faced with challenges. This sense of belonging translates directly to increased student success. Students who feel supported are more likely to seek help when needed, collaborate effectively with their peers, and generally perform better academically. Furthermore, a positive and inclusive community reduces feelings of isolation and anxiety, which are common concerns for online learners. It creates a safe space where students feel comfortable taking risks and learning from their mistakes. Finally, online learning communities provide valuable opportunities for social-emotional development. Students can hone their communication and collaboration skills, learn to navigate diverse perspectives, and build meaningful relationships with their peers."&gt;
        &lt;Style FontSize="14" ForegroundColor="#FFFFFF" LinkColor="#FFFFFF" /&gt;
      &lt;/Span&gt;
    &lt;/Block&gt;
  &lt;/Content&gt;
&lt;/Document&gt;</slidetranscript>
      <slidetranscript slideid="6P2DBq2uMGX.6OXeFIq8Sjf" slidebank="false" type="slide" noteswf="" notespng="" pathlib="Lib" pathindex="3">&lt;Document xmlns:xsd="http://www.w3.org/2001/XMLSchema" xmlns:xsi="http://www.w3.org/2001/XMLSchema-instance"&gt;
  &lt;Content&gt;
    &lt;Block&gt;
      &lt;Style StyleKey="white" /&gt;
      &lt;Span Text="Creating a welcoming and inclusive environment is the foundation of any successful online community. This begins with the language we use in our communications. Encourage students to introduce themselves and share their interests, fostering a sense of individual recognition. Establishing clear and inclusive ground rules for online interactions is essential for respectful and productive communication. Icebreaker activities, even simple ones, can be powerful tools for fostering initial connections among students." /&gt;
    &lt;/Block&gt;
  &lt;/Content&gt;
&lt;/Document&gt;</slidetranscript>
      <slidetranscript slideid="6P2DBq2uMGX.6H4JmvRfnX1" slidebank="false" type="slide" noteswf="" notespng="" pathlib="Lib" pathindex="4">&lt;Document xmlns:xsd="http://www.w3.org/2001/XMLSchema" xmlns:xsi="http://www.w3.org/2001/XMLSchema-instance"&gt;
  &lt;Content&gt;
    &lt;Block&gt;
      &lt;Style StyleKey="white" /&gt;
      &lt;Span Text="Facilitating regular social interactions is also important in developing an online community for students. Create opportunities for students to interact informally, perhaps through virtual brain breaks or dedicated &amp;quot;social&amp;quot; discussion forums. Encourage small group discussions and collaborative projects, providing structured opportunities for teamwork and peer learning. Utilizing virtual breakout rooms during synchronous sessions can facilitate more intimate and focused discussions within smaller groups. Consider hosting virtual study groups or chat sessions for student to get to know each other." /&gt;
    &lt;/Block&gt;
  &lt;/Content&gt;
&lt;/Document&gt;</slidetranscript>
      <slidetranscript slideid="6P2DBq2uMGX.5eHt7ijRFdw" slidebank="false" type="slide" noteswf="" notespng="" pathlib="Lib" pathindex="5">&lt;Document xmlns:xsd="http://www.w3.org/2001/XMLSchema" xmlns:xsi="http://www.w3.org/2001/XMLSchema-instance"&gt;
  &lt;Content&gt;
    &lt;Block&gt;
      &lt;Style StyleKey="white" /&gt;
      &lt;Span Text="Fostering a sense of shared purpose can significantly enhance community. Clearly define the course goals and objectives and ensure students understand how their individual contributions fit into the larger learning community. Encourage students to share their passions and interests related to the course material, making the learning experience more personally relevant. " /&gt;
    &lt;/Block&gt;
  &lt;/Content&gt;
&lt;/Document&gt;</slidetranscript>
      <slidetranscript slideid="6P2DBq2uMGX.6WcOV9NJzu3" slidebank="false" type="slide" noteswf="" notespng="" pathlib="Lib" pathindex="6">&lt;Document xmlns:xsd="http://www.w3.org/2001/XMLSchema" xmlns:xsi="http://www.w3.org/2001/XMLSchema-instance"&gt;
  &lt;Content&gt;
    &lt;Block&gt;
      &lt;Style StyleKey="white" /&gt;
      &lt;Span Text="Technology plays a crucial role in enhancing community in online learning. Utilize platforms and EdTech tools that facilitate communication and collaboration, such as discussion forums, shared documents, and video conferencing. Explore gamification elements, such as badges and leaderboards, to encourage participation and engagement in community activities. There is more information on EdTech tools that can be used to engage students in community-building efforts in the module." /&gt;
    &lt;/Block&gt;
  &lt;/Content&gt;
&lt;/Document&gt;</slidetranscript>
      <slidetranscript slideid="6P2DBq2uMGX.5iGlp9y7N5g" slidebank="false" type="slide" noteswf="" notespng="" pathlib="Lib" pathindex="7">&lt;Document xmlns:xsd="http://www.w3.org/2001/XMLSchema" xmlns:xsi="http://www.w3.org/2001/XMLSchema-instance"&gt;
  &lt;Content&gt;
    &lt;Block&gt;
      &lt;Style StyleKey="white" /&gt;
      &lt;Span Text="Perhaps most importantly, instructors must model positive relationships and behaviors. Demonstrate respect, kindness, and inclusivity in all your interactions with students. Encourage students to resolve conflicts constructively and support one another. Publicly celebrate student achievements and contributions to the community, reinforcing positive behaviors." /&gt;
    &lt;/Block&gt;
  &lt;/Content&gt;
&lt;/Document&gt;</slidetranscript>
      <slidetranscript slideid="6P2DBq2uMGX.5rUVXa6Aj1S" slidebank="false" type="slide" noteswf="" notespng="" pathlib="Lib" pathindex="8">&lt;Document xmlns:xsd="http://www.w3.org/2001/XMLSchema" xmlns:xsi="http://www.w3.org/2001/XMLSchema-instance"&gt;
  &lt;Content&gt;
    &lt;Block&gt;
      &lt;Style StyleKey="white" /&gt;
      &lt;Span Text="When building an online community, it's essential to be mindful of diversity and inclusivity. Recognize the diverse backgrounds and needs of your students and strive to create a safe and inclusive space where everyone feels valued and respected. Remember that students have different learning styles and preferences. Offer a variety of activities and resources to accommodate these diverse needs. Finally, regularly solicit feedback from students about the community and be prepared to make adjustments as needed. Community building is an ongoing process that requires continuous attention and refinement." /&gt;
    &lt;/Block&gt;
  &lt;/Content&gt;
&lt;/Document&gt;</slidetranscript>
      <slidetranscript slideid="6P2DBq2uMGX.6YAH7e18Xov" slidebank="false" type="slide" noteswf="" notespng="" pathlib="Lib" pathindex="9">&lt;Document xmlns:xsd="http://www.w3.org/2001/XMLSchema" xmlns:xsi="http://www.w3.org/2001/XMLSchema-instance"&gt;
  &lt;Content&gt;
    &lt;Block&gt;
      &lt;Style StyleKey="white" /&gt;
      &lt;Span Text="Building a strong community in an online classroom is not just a nice-to-have; it's essential for fostering student engagement, motivation, and academic success. By implementing the strategies discussed in this lecture, you can create a welcoming, supportive, and inclusive learning environment where students feel connected and valued. Remember, a strong sense of community is the foundation for successful online learning, providing the social and emotional support students need to thrive in the virtual classroom. " /&gt;
    &lt;/Block&gt;
  &lt;/Content&gt;
&lt;/Document&gt;</slidetranscript>
    </slidetranscripts>
  </transcript_data>
  <glossary_data />
</bwFrame>